Trading_Date,Daily_Avg_Sentiment,Daily_Positive_Score,Daily_Neutral_Score,Daily_Negative_Score,Positive_News_Count,Neutral_News_Count,Negative_News_Count,Sentiment_Volatility,News_Count
2016-02-19,0.07775320279924447,0.24959502448542878,0.5785631538283869,0.1718418216861843,0,1,0,0.0,1
2017-10-05,0.13340225163758732,0.25463619389161085,0.6241298638543655,0.12123394225402354,0,1,0,0.0,1
2017-11-27,0.17931879517610289,0.2664460670853461,0.6464266610054106,0.08712727190924324,0,1,0,0.0,1
2017-11-30,0.36456406971132477,0.44609194643413363,0.4723801768430574,0.08152787672280885,0,1,0,0.0,1
2018-01-31,0.11182592466806612,0.22844959980550453,0.6549267250570571,0.1166236751374384,0,1,0,0.0,1
2018-03-16,0.2030891849457541,0.38018175409687377,0.44272567675200664,0.17709256915111968,0,1,0,0.0,1
2018-03-27,0.2140475723192355,0.28054321100703544,0.6529611503051647,0.06649563868779997,0,1,0,0.0,1
2018-04-16,0.11826280691859961,0.24818098550601472,0.6219008359065702,0.1299181785874151,0,1,0,0.0,1
2018-06-22,0.07097871477552323,0.25581564489406683,0.5593474249873895,0.1848369301185436,0,1,0,0.0,1
2018-10-23,0.15860741502834527,0.22890732776572334,0.7007927594968987,0.07029991273737807,0,1,0,0.0,1
2018-11-30,0.4822035199000248,0.5382038282345448,0.4057958634309352,0.05600030833452002,1,0,0,0.0,1
2019-01-03,0.032414929456327915,0.218374799855081,0.5956653297461659,0.18595987039875306,0,2,0,0.009274273606221493,2
2019-02-22,0.16612511356744664,0.2522783368940377,0.6615684397793712,0.08615322332659107,0,1,0,0.0,1
2019-04-01,0.22788366341296304,0.34926347847388267,0.5293567064651976,0.12137981506091963,0,1,0,0.0,1
2019-04-16,-0.0008450583417455304,0.24573018328538518,0.5076945750874841,0.2465752416271307,0,1,0,0.0,1
2019-04-18,-0.04649554071696532,0.17147040886105847,0.6105636415609177,0.2179659495780238,0,1,0,0.0,1
2019-04-22,-0.014494752158477564,0.27039920693650915,0.4447068339685042,0.2848939590949867,0,1,0,0.0,1
2019-04-25,-0.060420070046258066,0.2424559182400575,0.4546680934736269,0.30287598828631557,0,3,0,0.09981902257494935,3
2019-04-29,0.030211754950686065,0.2260611071045514,0.5780895407415831,0.19584935215386534,0,1,0,0.0,1
2019-05-01,0.04957684914637178,0.2725062993721457,0.5045642504020803,0.22292945022577396,0,3,0,0.09074146107513144,3
2019-05-07,-0.0008450583417455304,0.24573018328538518,0.5076945750874841,0.2465752416271307,0,1,0,0.0,1
2019-05-10,-0.017147148428232784,0.1988451093171072,0.5851626329375529,0.21599225774533998,0,1,0,0.0,1
2019-05-13,-0.0008450583417455304,0.24573018328538518,0.5076945750874841,0.2465752416271307,0,1,0,0.0,1
2019-05-14,-0.014494752158477564,0.27039920693650915,0.4447068339685042,0.2848939590949867,0,1,0,0.0,1
2019-05-15,-0.013592460380095456,0.2932520962720102,0.39990334707588415,0.30684455665210564,0,2,0,0.008177594307057726,2
2019-05-16,-0.015702990732373773,0.20640567169633922,0.5714856658749478,0.222108662428713,0,1,0,0.0,1
2019-05-17,-0.12231025622661151,0.25660285476316674,0.3644840342470549,0.37891311098977826,0,0,1,0.0,1
2019-05-20,-0.02595136655926844,0.2633411615157951,0.4473663104091412,0.28929252807506356,0,1,0,0.0,1
2019-05-21,-0.0008450583417455304,0.24573018328538518,0.5076945750874841,0.2465752416271307,0,1,0,0.0,1
2019-05-22,-0.14744388230608538,0.22552422222620863,0.40150767324149744,0.372968104532294,0,1,0,0.0,1
2019-05-23,-0.21255240712374437,0.24563815223417676,0.2961712884079021,0.45819055935792113,0,0,1,0.0,1
2019-05-24,-0.017891315448224893,0.23823922427754943,0.5056302359966762,0.2561305397257743,0,1,0,0.0,1
2019-05-28,0.0441545818880696,0.24781964539833304,0.5485152910914035,0.20366506351026342,0,2,0,0.08294268363277713,2
2019-05-29,-0.12862589419526416,0.2512184809308375,0.3689371439430608,0.37984437512610164,0,0,1,0.0,1
2019-05-30,-0.14824706061063575,0.2787008331434178,0.29435127310252857,0.42694789375405356,0,0,1,0.0,1
2019-05-31,-0.06900662347949264,0.23150426322975298,0.4679848500610013,0.30051088670924564,0,1,1,0.07538272035473015,2
2019-06-03,-0.09594495590647342,0.25498886268819015,0.39407731871714635,0.35093381859466355,0,1,1,0.11518798279846763,2
2019-06-06,-0.1982156686916788,0.24669222749162287,0.30839987632507543,0.4449078961833017,0,0,1,0.0,1
2019-06-07,-0.015702990732373773,0.20640567169633922,0.5714856658749478,0.222108662428713,0,1,0,0.0,1
2019-06-10,-0.02889829868739191,0.27124936290574575,0.42860297550111665,0.30014766159313766,0,1,0,0.0,1
2019-06-13,-0.07157426878510262,0.2453085053640476,0.4378087204868022,0.3168827741491502,0,1,0,0.0,1
2019-06-14,-0.015702990732373773,0.20640567169633922,0.5714856658749478,0.222108662428713,0,1,0,0.0,1
2019-06-17,-0.028167069427951885,0.2674841668149723,0.4368645969421035,0.29565123624292416,0,1,0,0.0,1
2020-03-23,0.09495066370893379,0.2869144659905646,0.5211217317278045,0.1919638022816308,0,1,0,0.0,1
2020-03-24,0.011794386028864845,0.18150501631952778,0.6487843533898092,0.16971063029066294,0,1,0,0.0,1
2020-03-27,0.25404703197097506,0.4261359577730056,0.4017751164249638,0.17208892580203056,1,1,0,0.030402711559462683,2
2020-03-30,-0.28935281230451254,0.1475609546840545,0.4155252783273784,0.43691376698856704,0,1,1,0.44809585036118066,2
2020-04-07,-0.025191200301827713,0.19883080442754875,0.5771471908430748,0.22402200472937647,0,2,0,0.16471873158232983,2
2020-04-08,0.11382984893279086,0.25416569038712084,0.6054984681585492,0.14033584145432998,0,1,0,0.0,1
2020-04-09,0.03383895595025854,0.28685410759916136,0.4601307407519358,0.2530151516489028,0,1,0,0.0,1
2020-04-23,0.08306537515643209,0.28445776446661414,0.5141498462232038,0.20139238931018208,1,2,0,0.08206548345464104,3
2020-04-24,0.23648137479753956,0.33587242481935436,0.5647365251588309,0.0993910500218148,0,1,0,0.0,1
2020-04-27,0.1074654081132685,0.26038071706584,0.5867039739815885,0.1529153089525715,1,4,0,0.07580351379149254,5
2020-04-28,0.2895398344768071,0.45932753347042193,0.3708847675359634,0.16978769899361482,1,0,0,0.0,1
2020-04-30,-0.1509178602104321,0.21799903148762625,0.41308407681431536,0.36891689169805836,0,1,0,0.0,1
2020-05-01,0.24638804480968052,0.35792201558126907,0.5305440136471423,0.11153397077158857,0,1,0,0.0,1
2020-05-05,0.22458702706411043,0.37819344709757735,0.4682001328689558,0.15360642003346692,1,1,0,0.011172657213704897,2
2020-05-06,0.16832835867027945,0.32888051513147065,0.5105673284073382,0.1605521564611912,0,1,0,0.0,1
2020-05-07,0.10143695957301231,0.27275588016735264,0.555925199238307,0.17131892059434028,0,2,0,0.11266736338083108,2
2020-05-12,0.05676115616730701,0.12786954318168678,0.8010220698039334,0.07110838701437977,0,1,0,0.0,1
2020-05-13,0.21923862235427974,0.35530487157878765,0.5086288791967044,0.13606624922450794,1,1,0,0.10900342066269984,2
2020-05-14,0.19485856381776395,0.33302189680876126,0.5288147702002415,0.13816333299099726,0,2,0,0.19294565765911648,2
2020-05-15,0.09177878705265198,0.16064808504141426,0.7704826169698236,0.06886929798876228,0,1,0,0.0,1
2020-05-18,0.1160715360006224,0.2720865001817212,0.57189853563718,0.1560149641810988,0,1,0,0.0,1
2020-05-19,0.16999467516250122,0.3188047900198549,0.5323850951227913,0.14881011485735368,0,1,0,0.0,1
2020-05-20,-0.047133919883322634,0.25779965214318745,0.4372667758303025,0.30493357202651006,0,1,1,0.15458661580845662,2
2020-05-28,0.02552338348993491,0.20631876843835886,0.6128858466132171,0.18079538494842395,0,1,0,0.0,1
2020-06-10,0.07675560648229521,0.29877667594127494,0.4792022545997454,0.22202106945897973,0,1,0,0.0,1
2020-06-15,0.073242258639592,0.26735163036185816,0.5385389979158757,0.19410937172226617,0,1,0,0.0,1
2020-06-19,0.5417741635356471,0.6627532532296615,0.21626765707632425,0.12097908969401434,1,0,0,0.0,1
2020-06-24,0.34107741359344323,0.46381586831238486,0.4134456769686737,0.12273845471894163,1,0,0,0.0,1
2020-06-29,0.029857946461787535,0.15167992233667804,0.7264981017884315,0.12182197587489049,0,2,0,0.01985062843051671,2
2020-07-02,-0.07557556309923064,0.21044839442242066,0.5035276480559281,0.2860239575216513,0,2,1,0.3790934923407513,3
2020-07-06,0.18847018207071115,0.4430664953088485,0.302337191453014,0.25459631323813736,1,0,0,0.0,1
2020-07-07,0.550447645869623,0.696311289736504,0.15782506639661487,0.14586364386688105,2,0,0,0.37677462091009967,2
2020-07-08,-0.13826887534394983,0.1595997819929864,0.5425315606700775,0.29786865733693624,0,1,0,0.0,1
2020-07-13,0.18125274618692544,0.3033011566139594,0.5746504329590065,0.12204841042703396,0,1,0,0.0,1
2020-07-14,0.14943306657543437,0.26818487708870964,0.613063312398015,0.11875181051327527,0,1,0,0.0,1
2020-07-15,0.2795484235744356,0.3994154005294123,0.4807176225156109,0.11986697695497672,0,1,0,0.0,1
2020-07-16,0.1333808742292965,0.34091023420911815,0.45156040581106016,0.2075293599798217,1,1,0,0.04459757112380641,2
2020-07-17,0.32901535833773865,0.4828113260312129,0.3633927062753129,0.15379596769347428,1,0,0,0.0,1
2020-07-20,0.09801373651756487,0.301452331428537,0.49510907366049084,0.20343859491097213,0,1,0,0.0,1
2020-07-30,0.2534061163639329,0.2750421270227781,0.7033218623183768,0.021636010658845194,0,1,0,0.0,1
2020-08-03,0.012938766336946808,0.29027430099022805,0.43239016435649064,0.27733553465328126,0,4,0,0.0744282695503148,4
2020-08-05,-0.43360289886792447,0.20566600391745946,0.15506509329715656,0.639268902785384,0,0,1,0.0,1
2020-08-06,-0.06575168816818944,0.3358426372648417,0.26256303730212716,0.40159432543303114,0,0,1,0.0,1
2020-08-07,0.3068676040337178,0.4255099431980253,0.4558477176376673,0.11864233916430748,0,1,0,0.0,1
2020-08-10,0.10737067981925397,0.21216412433399362,0.6830424311512668,0.10479344451473965,0,1,0,0.0,1
2020-08-11,0.0890452962917545,0.3519877720747425,0.3850697521422696,0.262942475782988,0,1,0,0.0,1
2020-08-13,0.14965337291992398,0.32476961903064205,0.5001141348586399,0.17511624611071808,0,1,0,0.0,1
2020-08-18,0.17915559571369424,0.3594748478109971,0.4602059000917001,0.18031925209730282,1,2,0,0.2292956541730364,3
2020-08-19,0.06209014966616366,0.24294597418967848,0.5761982012868069,0.1808558245235148,0,1,0,0.0,1
2020-08-20,0.15920559650859833,0.26136357317654235,0.6364784501555136,0.10215797666794402,0,1,0,0.0,1
2020-08-21,0.37441346646847734,0.46795430459724596,0.4385048572739855,0.09354083812876861,1,0,0,0.0,1
2020-08-24,0.19428224628930335,0.37757610346007264,0.4391300393691581,0.18329385717076932,1,2,0,0.28674037023328164,3
2020-08-25,0.011406018654968653,0.07699526047353371,0.8574154977079014,0.06558924181856506,0,1,0,0.0,1
2020-08-27,0.2692307651430452,0.38208936641098334,0.5050520323210785,0.11285860126793815,0,1,0,0.0,1
2020-08-28,0.19819868218362185,0.33379536833743184,0.5306079455087582,0.13559668615381,0,2,0,0.054783083938571,2
2020-08-31,-0.005846899623357077,0.055422743074980026,0.8833076142266828,0.0612696426983371,0,1,0,0.0,1
2020-09-02,0.016087123274627385,0.22437150762064054,0.5673441080333463,0.20828438434601315,0,3,1,0.11716960869782474,4
2020-09-03,0.22434167899871618,0.32635019186234887,0.5716412952740183,0.10200851286363272,1,2,0,0.1412098364998211,3
2020-09-04,0.034307674878268364,0.28496978482267205,0.46436810523292427,0.2506621099444037,0,3,0,0.21350981519878737,3
2020-09-08,0.076909807402398,0.23044505171903223,0.6160197039643336,0.15353524431663423,0,1,0,0.0,1
2020-09-09,-0.06088882139940023,0.273142030960855,0.3928271166788898,0.3340308523602552,0,1,1,0.1224649332192128,2
2020-09-10,0.11223384839874134,0.35989002081781996,0.3924538067631014,0.2476561724190786,0,1,0,0.0,1
2020-09-11,0.1255126647173302,0.30963286448943583,0.5062469357384585,0.18412019977210564,0,1,0,0.0,1
2020-09-14,0.12011415391336903,0.3024305899915507,0.5152529739302676,0.1823164360781817,0,2,0,0.007634647195579549,2
2020-09-15,0.23631846098594028,0.4048870129396413,0.42654443510665774,0.16856855195370102,0,1,0,0.0,1
2020-09-16,0.24039175843263144,0.34779530217242705,0.5448011540877773,0.10740354373979562,0,1,0,0.0,1
2020-09-17,0.1470697437767256,0.29792093793817803,0.5512278679003695,0.15085119416145243,0,4,0,0.057214538542070474,4
2020-09-22,0.2378223287699745,0.3927262239357223,0.4523698808985299,0.15490389516574782,0,1,0,0.0,1
2020-09-24,0.2147177411284176,0.35849096865811747,0.49773580381218263,0.14377322752969987,0,3,0,0.08222187691113572,3
2020-09-28,0.2573479907317894,0.4199871134674853,0.4173737637968188,0.16263912273569592,1,1,0,0.024087934308114397,2
2020-09-29,-0.03580046968862001,0.2171837210337536,0.5298320882438728,0.2529841907223736,0,2,0,0.21006520931698938,2
2020-10-01,0.21048231029711348,0.36048468389600097,0.4895129425051115,0.1500023735988875,0,2,0,0.07062918474888467,2
2020-10-06,0.24024770250259644,0.38271114408351586,0.4748254143355648,0.14246344158091942,0,1,0,0.0,1
2020-10-07,0.17582566615689177,0.3689867455427574,0.4378521750713769,0.19316107938586563,0,1,0,0.0,1
2020-10-08,0.3675508781031288,0.5131118355232331,0.3413272070566627,0.14556095742010425,2,0,0,0.06053030049209455,2
2020-10-09,-0.03352604871191198,0.20623768669678608,0.5539985778945159,0.23976373540869805,0,1,0,0.0,1
2020-10-12,0.24983751398942675,0.3791820794579412,0.4914733550735444,0.12934456546851444,2,1,0,0.10032872443334805,3
2020-10-13,-0.08853814796175746,0.20796956523007248,0.4955227215780974,0.29650771319182995,0,1,0,0.0,1
2020-10-16,0.04450906843935668,0.22656401652854696,0.5913810353822627,0.18205494808919032,0,3,0,0.17200775983001024,3
2020-10-20,-0.03323878088508225,0.21753017556366627,0.5317008679875851,0.2507689564487485,0,1,0,0.0,1
2020-10-21,0.21071325990782214,0.31045674330865125,0.5897997732905196,0.09974348340082914,1,1,0,0.20063265255398344,2
2020-10-22,0.06014962147408742,0.3128383051624685,0.4344730111491504,0.2526886836883811,0,1,0,0.0,1
2020-10-23,0.2314640929389869,0.37148606118469446,0.4884919705695979,0.14002196824570756,1,1,0,0.0970217803430622,2
2020-10-26,0.03581275569924684,0.21792511656657304,0.5999625225661007,0.18211236086732618,0,2,0,0.0782699373801283,2
2020-10-27,0.04193005920032597,0.21896583406837758,0.6039983910635708,0.1770357748680516,0,1,0,0.0,1
2020-10-28,0.24677113159644276,0.35607316611079837,0.534624799374846,0.10930203451435559,0,1,0,0.0,1
2020-10-29,0.1759759523734755,0.3719274376341511,0.43212107710517333,0.1959514852606756,0,1,0,0.0,1
2020-10-30,0.14204088989762778,0.29492597119243763,0.5521889475127525,0.15288508129480985,0,3,0,0.13522076660941654,3
2020-11-02,-0.042895260044960415,0.1806488442491354,0.5958070514567687,0.2235441042940958,0,3,0,0.06506846556167768,3
2020-11-03,0.36762154819586607,0.45271679791827635,0.46218795235931326,0.0850952497224103,0,1,0,0.0,1
2020-11-09,0.16798586721037143,0.30991068084095047,0.5481645055284705,0.14192481363057904,0,3,0,0.1572756621188027,3
2020-11-10,-0.33486034190859904,0.13274671819182335,0.3996462217077542,0.4676070601004224,0,0,1,0.0,1
2020-11-11,0.18603978622651202,0.33704505239230165,0.5119496814419087,0.15100526616578958,0,2,0,0.10363606710137113,2
2020-11-13,0.04362276257641372,0.22385072518000085,0.595921312216412,0.18022796260358714,0,2,0,0.1025626224286703,2
2020-11-16,0.26577473258345014,0.39762879922444466,0.4705171341345607,0.13185406664099453,0,1,0,0.0,1
2020-11-23,0.3013854219297101,0.42999143732870254,0.441402547272305,0.12860601539899247,0,1,0,0.0,1
2020-11-25,0.21637582842938466,0.328006608403729,0.5603626116219265,0.1116307799743444,1,1,0,0.150114934587183,2
2020-11-30,-0.050728008074265224,0.2715041586286756,0.4062636746683835,0.32223216670294086,0,1,1,0.24567771534448515,2
2020-12-01,0.1070509492147112,0.2869234478425287,0.5332040535296537,0.1798724986278175,0,1,0,0.0,1
2020-12-04,0.14681041187688265,0.26687960351732604,0.6130512048422306,0.12006919164044337,0,1,0,0.0,1
2020-12-07,0.11978809808380853,0.30784199064956014,0.5041041167846882,0.18805389256575164,2,4,0,0.10174131702017651,6
2020-12-09,0.2631322733468966,0.37976300919664135,0.5036062549536139,0.11663073584974475,0,1,0,0.0,1
2020-12-10,0.36482417509871157,0.500508526965323,0.36380712116806563,0.1356843518666114,1,0,0,0.0,1
2020-12-11,0.68722076517069,0.7777461236004152,0.13172851796985974,0.09052535842972521,1,0,0,0.0,1
2020-12-14,0.11711887390634597,0.2958838056511452,0.5253512626040556,0.1787649317447992,1,3,0,0.07931914369083534,4
2020-12-15,0.025390877507044864,0.31458366935198934,0.39622353880306616,0.2891927918449445,1,3,1,0.23259421147968798,5
2020-12-16,0.14910860472822585,0.3365578392666789,0.475992926194868,0.1874492345384531,1,3,0,0.0968890177378198,4
2020-12-17,-0.37521383007323467,0.21656482017289427,0.19165652958097676,0.591778650246129,1,0,1,0.7125641186725583,2
2020-12-21,0.20913664471295623,0.37402242479105435,0.4610917951308476,0.1648857800780981,1,3,0,0.19829207664540227,4
2020-12-22,0.08149386840644443,0.2506223905009017,0.5802490874046411,0.16912852209445728,0,3,0,0.06326177282088459,3
2020-12-23,0.07200066699196377,0.21442045702149926,0.6431597529489653,0.14241979002953548,0,4,0,0.09387895947298758,4
2020-12-24,0.025241973725764824,0.20776564116535606,0.6097106913950527,0.18252366743959125,0,2,0,0.1815248529986541,2
2020-12-28,0.16061601712234722,0.37333270631807963,0.41395060448618803,0.2127166891957324,2,3,1,0.17039898934261777,6
2020-12-29,0.07724798706712838,0.3027689790957053,0.47171002887571784,0.22552099202857695,0,1,0,0.0,1
2020-12-30,0.19233265794857837,0.35764115081901277,0.47705035631055276,0.16530849287043445,1,2,0,0.036728961493385816,3
2021-01-04,0.19581906170149138,0.28215907400708606,0.6315009136873193,0.08634001230559467,0,2,0,0.05100370376346638,2
2021-01-05,0.08679066546627809,0.2504017922137076,0.5859870810388628,0.16361112674742956,0,5,0,0.0737663403723071,5
2021-01-06,0.19001169096903284,0.2879349786986846,0.6141417335716636,0.09792328772965175,0,2,0,0.05276171066471842,2
2021-01-07,0.19867234705191583,0.3235595758455211,0.5515531953608737,0.12488722879360528,0,2,0,0.10538298765449527,2
2021-01-08,0.1922440845733508,0.38135780862044694,0.4295284673324569,0.18911372404709614,2,3,0,0.13815096158964132,5
2021-01-11,0.12797256323824627,0.282503294987721,0.5629659732628044,0.15453073174947474,0,3,0,0.10126069873464709,3
2021-01-12,0.09602085483046308,0.32287104002353023,0.45027877478340267,0.22685018519306718,0,3,0,0.20374817900608982,3
2021-01-13,0.057322137364020455,0.22977996629932554,0.5977622047653693,0.1724578289353051,0,5,0,0.08600454679398274,5
2021-01-14,0.5091951412097553,0.5646868354177901,0.37982147037417524,0.05549169420803467,1,1,0,0.2523233927942282,2
2021-01-15,0.18309852910096275,0.37284369048738375,0.4374111481261953,0.189745161386421,2,7,1,0.15861152503308693,10
2021-01-19,0.11043791047351895,0.2875606380957943,0.5353166342819303,0.17712272762227535,1,4,0,0.1179644999617615,5
2021-01-20,0.25303630947832945,0.33342272251965205,0.5861908644390255,0.08038641304132263,0,1,0,0.0,1
2021-01-21,0.16361814305386746,0.3616948084694885,0.44022852611489044,0.19807666541562108,1,2,0,0.10611453758569148,3
2021-01-22,0.18796234453194519,0.40778435164494925,0.3723936412420466,0.21982200711300412,4,2,1,0.341895883498106,7
2021-01-25,0.1884143788869306,0.3613980419955704,0.46561829489578976,0.1729836631086398,4,5,0,0.23417064174297444,9
2021-01-26,0.08549862823777207,0.2983250168039464,0.4888485946298793,0.21282638856617433,1,3,0,0.21419087184481708,4
2021-01-27,0.11271107051837873,0.3785556349702465,0.3555998005778857,0.26584456445186777,1,1,2,0.42635314438898236,4
2021-01-28,0.20885183987784578,0.40190179333119475,0.4050482532154562,0.19304995345334897,2,2,1,0.22444045664961676,5
2021-01-29,-0.19542439953031454,0.19775851605863423,0.409058568352417,0.39318291558894874,0,1,2,0.2568377237101548,3
2021-02-01,0.6624547576564938,0.7210471614426117,0.22036043477127026,0.058592403786117964,1,0,0,0.0,1
2021-02-02,0.10666795076243435,0.31546932076979295,0.4757293092228484,0.2088013700073586,1,3,0,0.1810011164686022,4
2021-02-03,0.07991702123216325,0.29166894916442393,0.4965791229033154,0.21175192793226066,0,2,0,0.017423783258344663,2
2021-02-04,0.23430551973470382,0.4171760136608203,0.3999534924130632,0.18287049392611648,1,2,1,0.31023161674490046,4
2021-02-05,0.19575591336183737,0.3396610110973149,0.5164338911672075,0.14390509773547755,2,4,0,0.16977233167608144,6
2021-02-08,0.10204350536575009,0.3035187766600193,0.4950059520457115,0.2014752712942692,3,10,1,0.18548450263733118,14
2021-02-09,0.0366217082025978,0.2839689760562928,0.4686837560900122,0.24734726785369499,0,3,1,0.06571649349562854,4
2021-02-10,0.0553615330019119,0.24447692856009423,0.5664076758817235,0.1891153955581823,1,6,0,0.17325741663832925,7
2021-02-11,0.20892909434246718,0.3795878060204873,0.44975348230149265,0.17065871167802005,2,4,0,0.1694337210931941,6
2021-02-12,0.09371587083937422,0.2764695851037152,0.5407767006319438,0.182753714264341,0,1,0,0.0,1
2021-02-16,0.1688050925047212,0.3053686020174343,0.5580678884698526,0.1365635095127131,2,6,0,0.2115053009298993,8
2021-02-17,0.1902247969612978,0.3402130911394244,0.509798614682449,0.14998829417812662,2,4,0,0.19037547386336126,6
2021-02-18,0.08024544075885422,0.26101539118658973,0.5582146583856747,0.18076995042773553,1,7,0,0.12509576740043216,8
2021-02-19,0.09086269396751995,0.2867640474571436,0.5173345990532326,0.1959013534896237,3,6,0,0.16260972691555414,9
2021-02-22,0.12838324853437924,0.3210050970819726,0.486373054370434,0.19262184854759334,3,10,0,0.20469640892042718,13
2021-02-23,0.08873906746161803,0.285644202763291,0.517450661935036,0.19690513530167297,1,4,1,0.23111373972513513,6
2021-02-24,0.19720389269504401,0.3587347378191006,0.4797344170568429,0.16153084512405658,1,2,0,0.012141476533104966,3
2021-02-25,0.2365157193024953,0.4036906228668347,0.42913447356882584,0.16717490356433942,4,3,1,0.2484042225111131,8
2021-02-26,0.119304444050228,0.29520151443446513,0.5289014151812979,0.17589707038423708,2,11,1,0.12077893084163889,14
2021-03-01,0.1175806621351787,0.32248566360842323,0.4726093349183322,0.20490500147324453,3,7,0,0.14086699185575074,10
2021-03-02,0.16653697051187272,0.33919610646648135,0.48814475757891007,0.17265913595460863,3,6,1,0.22159116219554606,10
2021-03-03,-0.10414784976773181,0.24609639455738588,0.4036593611174964,0.35024424432511775,0,3,2,0.2893441975142792,5
2021-03-04,0.1823738778427203,0.36986513429183804,0.4426436092590442,0.1874912564491177,4,8,0,0.2405138253152524,12
2021-03-05,0.10147121047984091,0.3096362641831807,0.48219868211347955,0.2081650537033398,3,12,0,0.21509598000611252,15
2021-03-08,0.11365168231412803,0.3184968769858904,0.47665792834234716,0.2048451946717624,2,10,2,0.22240836644776055,14
2021-03-09,0.05448759302605407,0.2583203186195248,0.5378469557870044,0.2038327255934708,0,14,1,0.13028367546587116,15
2021-03-10,0.16283872120286352,0.31263369294724913,0.5375713353083653,0.14979497174438564,4,14,0,0.19891575611172477,18
2021-03-11,0.15451403162157396,0.33045254674099084,0.49360893813959233,0.17593851511941686,1,11,0,0.1956080123330524,12
2021-03-12,0.06222226684981513,0.2792748563922233,0.5036725540653686,0.2170525895424082,1,8,2,0.24556516048388152,11
2021-03-15,0.13659051348102033,0.3251024575310715,0.4863855984188773,0.18851194405005117,7,20,2,0.18671456887388024,29
2021-03-16,0.08747914008707176,0.2703028350245651,0.5468734700379415,0.18282369493749331,1,29,0,0.12482809027389534,30
2021-03-17,0.06965012806246998,0.27522706232335326,0.5191960034157634,0.20557693426088328,2,21,2,0.20749317114880814,25
2021-03-18,0.17291533980131513,0.3341530713499515,0.5046091971014122,0.16123773154863633,4,16,1,0.19852156856640352,21
2021-03-19,0.12500562405199933,0.315965340082671,0.49307494388665735,0.19095971603067166,6,19,1,0.12193345651502253,26
2021-03-22,0.1124871383687713,0.2974052130951822,0.5176767121784069,0.18491807472641086,6,48,0,0.13243764446838857,54
2021-03-23,0.17030837550573005,0.35733703970847974,0.4556342960887706,0.1870286642027497,4,11,1,0.23426977465951845,16
2021-03-24,0.1295360952596796,0.28227313469522886,0.5649898258692219,0.15273703943554928,2,18,0,0.13944074450229643,20
2021-03-25,0.17422602136516877,0.35174748620123053,0.47073104896270773,0.17752146483606177,6,12,0,0.16888617047638912,18
2021-03-26,0.21212753935561893,0.35623450059094,0.49965853817373895,0.14410696123532107,8,19,0,0.16331571562796574,27
2021-03-29,0.15282101891971223,0.31727586234049765,0.5182692942387169,0.16445484342078542,7,28,1,0.1705774923649062,36
2021-03-30,0.1676871488555042,0.3419319105946759,0.4838233276661524,0.17424476173917172,9,28,2,0.18775194853111293,39
2021-03-31,0.11763038611969179,0.31289568921998506,0.4918390076797216,0.1952653031002933,8,39,3,0.13955325068504895,50
2021-04-01,0.19714219392324836,0.32430088970689963,0.5485404145094491,0.12715869578365122,6,20,0,0.12987209915250542,26
2021-04-05,0.15381723476962905,0.3203169946521725,0.513183245465284,0.16649975988254345,7,33,1,0.15860806503612743,41
2021-04-06,0.20206904403415096,0.3683246798185713,0.46541968439700837,0.16625563578442035,8,10,1,0.14252555408654582,19
2021-04-07,0.10601834276027824,0.2897155863006125,0.5265871701590532,0.1836972435403343,3,19,1,0.13839854083974815,23
2021-04-08,0.15487894248081321,0.32130665255745,0.5122656373659132,0.16642771007663676,8,32,0,0.1258247830862152,40
2021-04-09,0.1467620623517682,0.32183956438688843,0.5030829335779913,0.17507750203512026,7,20,2,0.18853821969474846,29
2021-04-12,0.17950790940083783,0.34255010416520565,0.49440770107042664,0.1630421947643678,8,27,1,0.12876425627192906,36
2021-04-13,0.15792791684148486,0.31959085546719823,0.5187462059070884,0.16166293862571335,4,20,0,0.1032683864046673,24
2021-04-14,0.14537512233064306,0.2957571858545245,0.5538607506215941,0.15038206352388142,1,22,0,0.10763406191358246,23
2021-04-15,0.14309953019532903,0.34587644844226556,0.4513466333107979,0.20277691824693653,5,12,1,0.23486816492841803,18
2021-04-16,0.15369076195821615,0.3100887492891596,0.533513263379897,0.1563979873309434,1,19,0,0.11709551416897263,20
2021-04-19,0.14656999917254715,0.30963781195088347,0.5272943752707803,0.16306781277833635,10,28,1,0.15710570637547316,39
2021-04-20,0.18139484514840457,0.3329056023897723,0.5155836403688598,0.15151075724136776,10,49,0,0.15682611717871325,59
2021-04-21,0.12082338787656217,0.2954843050381544,0.5298547778002533,0.1746609171615923,7,40,2,0.1628462092793715,49
2021-04-22,0.2286428435192914,0.3688483114845252,0.49094622055024106,0.14020546796523378,10,17,0,0.20242633724198794,27
2021-04-23,0.1271508336754638,0.3119866181544102,0.5031775973666434,0.18483578447894639,5,37,0,0.14016300478054372,42
2021-04-26,0.18631426206153232,0.3577946428570393,0.4707249763474537,0.17148038079550698,20,46,3,0.17964665430703342,69
2021-04-27,0.1470961410940473,0.33266722968143897,0.4817616817311693,0.18557108858739169,11,36,2,0.12435320336846437,49
2021-04-28,0.0917234786252288,0.31929164531871973,0.45314018798778927,0.22756816669349095,21,54,7,0.18542356395004309,82
2021-04-29,0.1288066848564973,0.3373281333809867,0.4541504180945239,0.2085214485244894,26,63,6,0.1904425433154254,95
2021-04-30,0.1460802275114714,0.3184867663089968,0.5091066948934778,0.17240653879752538,11,41,3,0.15312655624981758,55
2021-05-03,0.09467575018411792,0.293821447824166,0.507032854535786,0.19914569764004808,20,94,9,0.18702509580903404,123
2021-05-04,0.18856568365710655,0.3574028084132676,0.4737600668305713,0.16883712475616106,9,20,1,0.22349012854652653,30
2021-05-05,0.1632970573075538,0.3494261430984318,0.4644447711106902,0.18612908579087797,9,16,0,0.15953673501243903,25
2021-05-06,0.08067650941813788,0.2754318535532342,0.5298128023116695,0.19475534413509632,3,23,1,0.19191165732752227,27
2021-05-07,0.12858946702078186,0.3384664639349857,0.4516565391508105,0.20987699691420383,8,14,1,0.25340599512111384,23
2021-05-10,0.10862807473139555,0.31129690995886466,0.4860342548136662,0.20266883522746915,5,19,2,0.1836320796894689,26
2021-05-11,0.07160176910628799,0.29227419419707734,0.48705338071213333,0.22067242509078935,5,21,2,0.180492486939969,28
2021-05-12,0.08529067324890122,0.293094444350071,0.49910178454875925,0.20780377110116977,4,21,1,0.18041920182962318,26
2021-05-13,0.11236496695853486,0.2956398868000993,0.5210851933583364,0.1832749198415644,1,11,0,0.11193824267087224,12
2021-05-14,0.12184967153307522,0.29404652159040245,0.5337566283522702,0.17219685005732727,2,23,1,0.13678986657647293,26
2021-05-17,0.16736772813971543,0.3168327980993894,0.5337021319409365,0.14946506995967399,6,39,0,0.1418350115591658,45
2021-05-18,0.15180234753714786,0.31206359334218425,0.5276751608527793,0.16026124580503645,7,19,1,0.16928419018469615,27
2021-05-19,0.1437390374696499,0.32942189820334294,0.48489524106296394,0.18568286073369308,10,19,0,0.13140812247615777,29
2021-05-20,0.24279459004355272,0.39698635308522723,0.44882188387309835,0.15419176304167448,7,16,0,0.20452231040982455,23
2021-05-21,0.18701250026502575,0.34382907296805604,0.4993543543289136,0.1568165727030303,11,26,1,0.13878415478483486,38
2021-05-24,0.12212700600402936,0.3018410960284318,0.5184448139471658,0.17971409002440242,6,27,1,0.1475935130566617,34
2021-05-25,0.09469365703758571,0.2823451924879041,0.5300032720617777,0.18765153545031832,5,18,1,0.1894526785376954,24
2021-05-26,0.16572210213164046,0.3400240670046891,0.4856739681222621,0.1743019648730487,5,17,0,0.14659704939382592,22
2021-05-27,0.2197624046765124,0.3652506285117109,0.4892611476530906,0.14548822383519847,4,8,0,0.11339292271346765,12
2021-05-28,0.13599139129324922,0.3139524053442324,0.5080865806047844,0.17796101405098322,5,27,2,0.16792471859030642,34
2021-06-01,0.19580518073062428,0.35376403839004855,0.4882771039505272,0.15795885765942425,5,17,0,0.14280668027147403,22
2021-06-02,0.16766359890446064,0.32036128922071594,0.5269410204630288,0.15269769031625527,7,23,0,0.16391228869095706,30
2021-06-03,0.17578250430000697,0.35443296588540824,0.46691657252919055,0.17865046158540124,5,8,1,0.18010587894065466,14
2021-06-04,0.2035341293252827,0.3619772071786427,0.47957971496799734,0.15844307785335998,10,19,1,0.1606668764530282,30
2021-06-07,0.11875063090163354,0.2950847472376243,0.5285811364263849,0.17633411633599078,11,54,4,0.17872738394937576,69
2021-06-08,0.17129611570750197,0.33925566441182287,0.49278478688385624,0.1679595487043209,8,22,0,0.1278024648080763,30
2021-06-09,0.12864720706073074,0.3260511426269592,0.4765449218068122,0.1974039355662285,3,17,0,0.16497304313413816,20
2021-06-10,0.11917232200716658,0.2937429835503192,0.5316863549065283,0.1745706615431526,2,18,0,0.10937562045225557,20
2021-06-11,0.11492668364915636,0.28142967559193394,0.5520673324652885,0.1665029919427776,1,24,1,0.1294567833032948,26
2021-06-14,0.17979891028458123,0.3301157396561652,0.5195674309722507,0.15031682937158403,5,30,1,0.16079901924704326,36
2021-06-15,0.1815425343708498,0.33130932077699227,0.5189238928168652,0.1497667864061425,5,27,0,0.15256090369128053,32
2021-06-16,0.12938282426626627,0.287057505337267,0.5552678135917322,0.15767468107100074,5,25,0,0.12864880066158935,30
2021-06-17,0.13671982808008598,0.30341333927972125,0.5298931495206435,0.16669351119963524,1,13,1,0.13842675097307475,15
2021-06-18,0.11769824099975086,0.3471211231936958,0.4234559946123593,0.22942288219394494,7,11,2,0.30092449303403396,20
2021-06-21,0.14143963011937252,0.3218087533372357,0.4978221234449011,0.1803691232178632,7,27,0,0.13911460376217433,34
2021-06-22,0.1247804658603592,0.31888712600099367,0.48700621385837195,0.19410666014063443,6,20,2,0.17255264770146397,28
2021-06-23,0.14811054975586832,0.32032907884578926,0.5074523920642898,0.1722185290899209,2,24,0,0.1247927021061197,26
2021-06-24,0.16416283273638738,0.31299627388760287,0.5381702849611817,0.14883344115121544,4,29,0,0.1161993025022095,33
2021-06-25,0.21904169733627568,0.37492255617861,0.4691965849790558,0.15588085884233427,3,10,0,0.18812644060084738,13
2021-06-28,0.2117142507794494,0.36614942976633147,0.47941539124678645,0.15443517898688208,7,21,0,0.17281514225003636,28
2021-06-29,0.1455140275976365,0.3144378056608049,0.5166384162760267,0.16892377806316838,3,20,1,0.1487055434862589,24
2021-06-30,0.17224251000295093,0.3522094590974787,0.4678235918079935,0.1799669490945278,6,17,0,0.1382770638523495,23
2021-07-01,0.14845038555405224,0.3234849743707338,0.5014804368125847,0.17503458881668155,3,13,0,0.15002303736073438,16
2021-07-02,0.14748816907272663,0.35186204073049104,0.4437640876117446,0.20437387165776438,6,12,1,0.19795879069818093,19
2021-07-06,0.12507697638156423,0.3134879317946262,0.49810111279231195,0.1884109554130619,7,30,1,0.16807850120968207,38
2021-07-07,0.15965413437806905,0.34973341555848053,0.460187303261108,0.19007928118041145,7,23,1,0.1795042637085755,31
2021-07-08,0.1604210334756458,0.333713694325621,0.4929936448244039,0.1732926608499752,6,13,1,0.15071712529464035,20
2021-07-09,0.11982200416374686,0.30441794028000174,0.5109861236037433,0.1845959361162549,3,21,1,0.18797850041897377,25
2021-07-12,0.14218201076383516,0.30627535775770376,0.5296312952484277,0.16409334699386857,6,24,0,0.16771512434452687,30
2021-07-13,0.09608494458946837,0.30964557107688623,0.4767938024356959,0.21356062648741786,6,18,3,0.2022999058074079,27
2021-07-14,0.16918157342066548,0.35102758564339803,0.4671264021338694,0.18184601222273253,17,38,1,0.1654970134691304,56
2021-07-15,0.17321429860984985,0.3408265906053191,0.4915611173992117,0.16761229199546923,6,23,1,0.17256381272668925,30
2021-07-16,0.13096985867254599,0.32989406359541595,0.4711817314817141,0.19892420492286997,9,17,3,0.20621993574255318,29
2021-07-19,0.14586009855387055,0.3254733571337878,0.49491338428629494,0.17961325857991722,4,17,0,0.12540258422617073,21
2021-07-20,0.14616731870012928,0.3352929300380304,0.4755814586240685,0.1891256113379011,9,24,2,0.19127605082091786,35
2021-07-21,0.19354662415459273,0.3715204874951907,0.4505056491642113,0.177973863340598,9,13,0,0.20383535638598657,22
2021-07-22,0.1459886585768362,0.32728024584864296,0.4914281668795502,0.1812915872718068,5,23,0,0.1738212123487612,28
2021-07-23,0.11995836115541211,0.32140230379181894,0.4771537535717742,0.20144394263640686,3,19,3,0.16707039687726966,25
2021-07-26,0.11716906627602437,0.3304797481607873,0.4562095699544498,0.21331068188476293,10,35,4,0.17187442188220148,49
2021-07-27,0.06726525262029732,0.3207119012037222,0.42584145021285297,0.25344664858342486,16,31,7,0.23393527669623482,54
2021-07-28,0.11267640521934487,0.3159471717570395,0.48078206170526594,0.20327076653769463,17,60,7,0.18423825503253466,84
2021-07-29,0.16522095184161018,0.32967601349273856,0.505868924856133,0.1644550616511284,7,21,1,0.16167799107683686,29
2021-07-30,0.15417476665962515,0.3353899089477349,0.4833949487641553,0.18121514228810978,8,20,1,0.16557414542604312,29
2021-08-02,0.13348873354102875,0.33195319731434997,0.46958233891232887,0.1984644637733212,10,21,1,0.158158359627591,32
2021-08-03,0.14074709497866425,0.32664501247851757,0.4874570700216291,0.1858979174998533,4,16,2,0.16628370810877696,22
2021-08-04,0.16853335908165487,0.31651946311154927,0.5354944328585564,0.1479861040298944,1,12,0,0.10544758111757457,13
2021-08-05,0.14655878910188044,0.3281450575460402,0.49026867400980007,0.18158626844415973,4,21,1,0.20317675303668306,26
2021-08-06,0.08890624048037347,0.29091945572287775,0.5070673290346179,0.2020132152425043,6,27,1,0.16930433455999716,34
2021-08-09,0.1350891494913256,0.3193091118269664,0.49647092583739266,0.18421996233564086,4,21,0,0.13528717117790787,25
2021-08-10,0.14782299379046554,0.32023170279368396,0.5073595882030976,0.17240870900321845,4,15,2,0.176303775464553,21
2021-08-11,0.13127916153552774,0.3043148840604775,0.5226493934145727,0.17303572252494978,2,19,0,0.14172190101411697,21
2021-08-12,0.1591593537009344,0.34018943021613823,0.4787804932686579,0.18103007651520386,6,14,0,0.14484017414376033,20
2021-08-13,0.117193541084074,0.32657516102232687,0.4640432190394203,0.20938161993825286,6,17,1,0.18675807035542444,24
2021-08-16,0.13559176388287295,0.3409952871141645,0.4536011896545439,0.2054035232312916,7,24,3,0.19146786514418232,34
2021-08-17,0.0991409594612389,0.27425257569429073,0.5506358080726574,0.17511161623305183,1,20,0,0.13996200751731472,21
2021-08-18,0.15462557613359665,0.3479351373981511,0.45875530133729453,0.19330956126455442,5,11,1,0.16365452314186785,17
2021-08-19,0.13999282007087455,0.32928136354588877,0.4814300929790971,0.1892885434750142,5,19,2,0.17193365722574405,26
2021-08-20,0.13112830673006176,0.31273213910328107,0.5056640285234996,0.18160383237321934,2,23,1,0.1356180117659986,26
2021-08-23,0.17632526545082083,0.3302548708437637,0.5158155237632934,0.15392960539294287,5,17,0,0.16106011779037818,22
2021-08-24,0.12607452859905485,0.3225052871656311,0.4810639542677927,0.19643075856657624,3,14,2,0.16572775544952245,19
2021-08-25,0.19687000737032542,0.3393158250683236,0.5182383572336782,0.1424458176979982,4,21,0,0.12101103840637548,25
2021-08-26,0.22865606440576589,0.36657189227493175,0.49551227985590235,0.13791582786916592,5,7,0,0.15241716187416451,12
2021-08-27,0.1499292281348992,0.3066324234099459,0.5366643813150074,0.1567031952750467,6,23,1,0.11769419400815376,30
2021-08-30,0.15611893254537937,0.3218485865490863,0.5124217594472067,0.16572965400370698,10,30,0,0.18143571576173237,40
2021-08-31,0.12157776802030416,0.2951676862891431,0.531242395442018,0.17358991826883893,2,34,0,0.13189383746056121,36
2021-09-01,0.10916271679238655,0.31428207392177115,0.48059856894884423,0.2051193571293846,6,22,3,0.1818181905457221,31
2021-09-02,0.13512067370548292,0.2996037476300525,0.5359131784453779,0.16448307392456957,4,37,0,0.10911136026458684,41
2021-09-03,0.15545896107239804,0.3374377931334841,0.48058337480542984,0.18197883206108606,2,14,1,0.1491896286360434,17
2021-09-07,0.21913400425335863,0.37388364806012303,0.47136670813311243,0.15474964380676445,15,31,0,0.20395340200333906,46
2021-09-08,0.17223202849639638,0.3428139696011339,0.48660408929412846,0.17058194110473757,7,23,1,0.19839159311509116,31
2021-09-09,0.13775321815185312,0.29248919628148073,0.5527748255888916,0.1547359781296276,3,19,1,0.2431201180382811,23
2021-09-10,0.07284995041113258,0.2879951456372009,0.49685965913673075,0.21514519522606831,8,50,9,0.2095539844201273,67
2021-09-13,0.11798345098759665,0.3149342767223857,0.48811489754282517,0.1969508257347891,12,57,2,0.15594281395462947,71
2021-09-14,0.12391390980982092,0.31996319194161826,0.4839875259265845,0.1960492821317973,16,78,10,0.2062166161041368,104
2021-09-15,0.13766651394869497,0.3057009825826948,0.5262645487833055,0.1680344686339998,7,36,2,0.1417561766333875,45
2021-09-16,0.11041883244840706,0.2784422104319493,0.5535344115845084,0.16802337798354222,2,23,1,0.12404787639972853,26
2021-09-17,0.14273378794985178,0.3179460470914632,0.5068416937669253,0.1752122591416114,3,25,1,0.13343389537732792,29
2021-09-20,0.0717142436455611,0.2710477904038006,0.5296186628379599,0.1993335467582395,3,40,1,0.12988056217241253,44
2021-09-21,0.1562816257299007,0.3372296456010086,0.4818223345278835,0.1809480198711079,5,21,1,0.17516845998316583,27
2021-09-22,0.11001859571846592,0.29574968155555054,0.5185192326073649,0.1857310858370846,3,28,1,0.20391165610431575,32
2021-09-23,0.14829557926210607,0.32612434462329604,0.49604689001551394,0.17782876536119,7,31,1,0.16970608054242833,39
2021-09-24,0.1404597189160244,0.274189953484881,0.5920798119462624,0.13373023456885663,1,9,0,0.06504632192988517,10
2021-09-27,0.16700967412202825,0.32622782459920496,0.5145540249236183,0.1592181504771767,11,19,0,0.13298475331726586,30
2021-09-28,0.09056039869797455,0.31136245994000744,0.46783547881795967,0.2208020612420329,6,15,4,0.2140462308290473,25
2021-09-29,0.1443555296183804,0.3222823952004501,0.49979073921748013,0.17792686558206972,6,14,1,0.15070256844122135,21
2021-09-30,0.11457926132187114,0.2634031724757577,0.5877729163703558,0.14882391115388652,0,14,0,0.1233067700860581,14
2021-10-01,0.15274400073221486,0.28753188329496115,0.5776802341422925,0.1347878825627463,2,17,0,0.10895789481009156,19
2021-10-04,0.1007120086355211,0.30540788000706687,0.48989624862138736,0.2046958713715457,9,28,4,0.2268593870762542,41
2021-10-05,0.06360280195268031,0.2734717950211287,0.5166592119104229,0.20986899306844842,2,29,2,0.16315440695466701,33
2021-10-06,0.01835898712744346,0.24436126079995918,0.5296364655275251,0.22600227367251574,0,16,1,0.22894868640696336,17
2021-10-07,0.1938305110390924,0.3582224995854584,0.4773855118681758,0.1643919885463659,5,13,1,0.1517597078483166,19
2021-10-08,0.210167848522832,0.35884724624266967,0.4924733560374926,0.14867939771983768,3,16,1,0.20858665779830526,20
2021-10-11,0.15277318258851066,0.31270971533213865,0.5273537519242335,0.15993653274362796,4,19,0,0.16478543425429704,23
2021-10-12,0.06045647627067244,0.2777500593400528,0.5049563575905668,0.21729358306938035,2,27,3,0.1978803783461169,32
2021-10-13,0.040522726008622376,0.2881163563292008,0.46429001335022074,0.24759363032057843,8,36,7,0.2437091229742157,51
2021-10-14,0.12983378030624676,0.31033457972054207,0.5091646208651626,0.18050079941429537,7,22,1,0.22730973066308835,30
2021-10-15,0.144023949640774,0.3205493375743868,0.5029252744920003,0.17652538793361283,7,19,1,0.16383486607888068,27
2021-10-18,0.155470934052308,0.32982822641670967,0.4958144812188887,0.17435729236440164,10,45,4,0.1869015295484197,59
2021-10-19,0.14753375212281225,0.33115203285482175,0.4852296864131687,0.1836182807320095,7,33,0,0.1729607145209732,40
2021-10-20,0.08502929610025524,0.2931863909938972,0.49865651411246087,0.20815709489364195,3,11,2,0.2636241068770902,16
2021-10-21,0.09219812698608279,0.29060653966052347,0.5109850476650358,0.1984084126744407,4,27,3,0.15683478902794026,34
2021-10-22,0.05947819135499244,0.2756867409699045,0.5081047094151835,0.21620854961491204,5,37,4,0.21230212819734767,46
2021-10-25,0.14766035153001097,0.34130644070583754,0.46504747011833597,0.1936460891758265,16,37,2,0.16753781515407146,55
2021-10-26,0.09476822844206935,0.3198791519615322,0.4550099245190048,0.2251109235194629,6,28,6,0.1626114197539156,40
2021-10-27,0.13806076251135008,0.3172109766951169,0.5036388091211162,0.1791502141837668,5,28,0,0.118123826754119,33
2021-10-28,0.15041282015743732,0.3529192892969347,0.4445742415635678,0.20250646913949744,31,47,3,0.18314364110106832,81
2021-10-29,0.08028747631690131,0.2974697013280612,0.48534807366077887,0.2171822250111599,16,88,14,0.18845395998095565,118
2021-11-01,0.10221453277300331,0.2943744619261765,0.5134656089206504,0.19215992915317315,7,36,1,0.1672337289656366,44
2021-11-02,0.12842589832286275,0.31870871441838355,0.4910084694860957,0.19028281609552075,7,20,2,0.17123244395531267,29
2021-11-03,0.11117756282024074,0.325093607423654,0.4609903479729328,0.21391604460341324,2,15,3,0.2784838299520955,20
2021-11-04,0.1352119581990849,0.3332973986792252,0.46861716084063454,0.19808544048014026,8,19,2,0.17431714897752593,29
2021-11-05,0.12760818868049645,0.31610222872846727,0.49540373122356196,0.1884940400479708,4,12,2,0.16154550094885234,18
2021-11-08,0.16291644379240366,0.3167551884358542,0.5294060669206953,0.15383874464345057,6,20,0,0.12657463001689964,26
2021-11-09,0.12713587394609077,0.30996927983406963,0.5071973142779514,0.18283340588797886,4,14,0,0.14966346818025644,18
2021-11-10,0.10359842347565992,0.30275695120017265,0.49808452107531465,0.1991585277245127,4,22,1,0.114344277531907,27
2021-11-11,0.1979200366957768,0.3429821345999889,0.511955767495799,0.1450620979042121,5,12,0,0.20946717191123543,17
2021-11-12,0.08375054176557303,0.27897911906777945,0.5257923036300142,0.1952285773022064,2,24,1,0.18047763213417542,27
2021-11-15,0.1595808667887455,0.3213495297883278,0.5168818072120899,0.16176866299958229,7,17,0,0.12781006549106658,24
2021-11-16,0.16825479427783993,0.34441008026525793,0.47943463374732403,0.17615528598741803,6,20,1,0.1550066841459268,27
2021-11-17,0.11490732937571077,0.2940988795996554,0.5267095701763999,0.17919155022394467,5,23,2,0.21060271449349802,30
2021-11-18,0.12595324997677557,0.297486923502052,0.5309794029726717,0.17153367352527643,4,27,0,0.15057401880236637,31
2021-11-19,0.12193902896886345,0.2981807215951151,0.5255775857786333,0.17624169262625164,7,35,2,0.16830491309020015,44
2021-11-22,0.07903884420222274,0.2993232620465016,0.48039232010921956,0.22028441784427882,7,22,4,0.24845420836427534,33
2021-11-23,0.08121274658017082,0.3027330264969011,0.4757466935863686,0.22152027991673026,5,17,3,0.18964255362796056,25
2021-11-24,0.16995708656540173,0.33584245166552246,0.49827218323435696,0.16588536510012067,6,12,1,0.2641499925500824,19
2021-11-26,0.13583480548894034,0.2849176118276224,0.5659995818336955,0.14908280633868204,1,25,0,0.1353573915748131,26
2021-11-29,0.08866146440548832,0.29524210900571196,0.4981772463940644,0.20658064460022363,5,20,1,0.1435454415439144,26
2021-11-30,0.10745912075101463,0.3027099991928731,0.5020391223652684,0.1952508784418585,3,20,2,0.19284121443037927,25
2021-12-01,0.08399084071402771,0.32558580544831933,0.4328192298173891,0.24159496473429162,9,16,5,0.19992405937992194,30
2021-12-02,0.035540087386463755,0.2940981725825321,0.44734374222139955,0.2585580851960684,9,36,14,0.21238913512486526,59
2021-12-03,0.11437544187222545,0.3068323963208191,0.5007106492305874,0.19245695444859362,6,23,2,0.2308664687603943,31
2021-12-06,0.11909240375024409,0.30428888017484,0.5105146434005641,0.18519647642459594,7,34,2,0.16189643303694415,43
2021-12-07,0.15330437117771026,0.32292278871436725,0.5074587937489757,0.169618417536657,12,35,1,0.16396901453117968,48
2021-12-08,0.134909672581706,0.3214946649725494,0.49192034263660717,0.18658499239084342,8,30,2,0.1819721533446919,40
2021-12-09,0.1348828840458564,0.3352924050419565,0.46429807396194345,0.20040952099610007,11,18,4,0.20433487681582876,33
2021-12-10,0.15408882854582973,0.321155675154929,0.5117774782359718,0.16706684660909923,4,16,1,0.17939807750545203,21
2021-12-13,0.16645294766860277,0.3369747461295094,0.49250345540958407,0.17052179846090662,19,52,1,0.16289421294094342,72
2021-12-14,0.10721712727787976,0.3041542405395197,0.49890864619884034,0.19693711326163998,10,42,2,0.21782299663729407,54
2021-12-15,0.15066952189962485,0.34236641701818177,0.46593668786326126,0.19169689511855692,5,16,1,0.1667408318870125,22
2021-12-16,0.039073555483617926,0.2856628796364547,0.46774779621070856,0.24658932415283677,5,22,5,0.25932731120764496,32
2021-12-17,0.1156269917183447,0.2854597178152475,0.5447075560878497,0.16983272609690278,3,23,2,0.19672819119143165,28
2021-12-20,0.07615848295670664,0.28357722108055594,0.5090040407955947,0.2074187381238493,7,23,3,0.1764648596309426,33
2021-12-21,0.13351487990571126,0.311909116304549,0.5096966472966133,0.1783942363988377,8,19,1,0.2079970785625373,28
2021-12-22,0.14677630641301637,0.3301015417507426,0.48657322291153116,0.1833252353377262,7,19,1,0.1689846675759807,27
2021-12-23,0.05032811328836295,0.25643814909109947,0.537451815106164,0.2061100358027365,1,12,2,0.0846449787046309,15
2021-12-27,0.14671646028429128,0.31430194503533804,0.5181125702136151,0.16758548475104676,7,29,0,0.15140610378368954,36
2021-12-28,0.1397741355594468,0.3120743767673036,0.5156253820248395,0.1723002412078568,10,37,2,0.18008742549821477,49
2021-12-29,0.13061509024924697,0.30793962139896736,0.5147358474513123,0.17732453114972038,6,23,1,0.1390292551374464,30
2021-12-30,0.13062850219409577,0.2942123548497222,0.5422037924946514,0.16358385265562644,3,23,0,0.13236821375363658,26
2021-12-31,0.1669067612192858,0.35776979659975616,0.4513671680197734,0.1908630353804704,4,8,1,0.2206353065852673,13
2022-01-03,0.17856667989840197,0.34449732873147393,0.48957202243545406,0.16593064883307196,11,30,1,0.18734857063095664,42
2022-01-04,0.22133087275428262,0.36241942197486443,0.49649202880455373,0.14108854922058184,10,28,0,0.15155643118147755,38
2022-01-05,0.2591780505957128,0.40935985471138553,0.44045834117294186,0.1501818041156727,9,16,0,0.18128473561854108,25
2022-01-06,0.1545389817644277,0.3303970251728589,0.49374493141871,0.17585804340843114,7,17,1,0.22797310881874885,25
2022-01-07,0.13308046596111153,0.32779025815244855,0.4774999496562144,0.19470979219133702,4,28,1,0.17365160273306873,33
2022-01-10,0.16859389341977193,0.34123181002378533,0.48613027337220116,0.17263791660401342,11,25,1,0.17581056110086246,37
2022-01-11,0.18172469988913728,0.3562088912685368,0.46930691735206376,0.17448419137939947,8,13,2,0.18736864128446543,23
2022-01-12,0.1484706459471495,0.3338553414279182,0.4807599630913131,0.18538469548076872,9,27,2,0.18570380110458098,38
2022-01-13,0.1514942813469402,0.32943959738796663,0.49261508657100694,0.17794531604102642,10,29,2,0.20455651869111463,41
2022-01-14,0.13900160170388917,0.31877706157834507,0.5014474785471991,0.1797754598744559,4,20,0,0.14032990144549531,24
2022-01-18,0.15147539901134385,0.3293517527834518,0.4927718934444403,0.17787635377210795,13,43,3,0.1791406806624097,59
2022-01-19,0.12225500530490661,0.31667443088349356,0.48890614353791956,0.19441942557858694,6,24,2,0.17226611421373847,32
2022-01-20,0.1394368003024523,0.31413357373022655,0.5111696528419992,0.17469677342777426,7,31,1,0.170714954841336,39
2022-01-21,0.1425741886124427,0.3455610687371326,0.45145205113817755,0.2029868801246899,12,28,2,0.18131501322505666,42
2022-01-24,0.10223989538520468,0.2785566613519407,0.5451265726813234,0.17631676596673598,8,58,3,0.17792147890261362,69
2022-01-25,0.13671731331833595,0.31153037866006356,0.5136565559982088,0.17481306534172758,5,28,2,0.16923552244376383,35
2022-01-26,0.12962367526884072,0.3295366479912023,0.47055037928643606,0.19991297272236158,8,26,2,0.17849695865955514,36
2022-01-27,0.12435755896673863,0.3479598841994625,0.42843779056781367,0.2236023252327239,17,33,4,0.20653939447568773,54
2022-01-28,0.08631069669150458,0.31004933872889445,0.4662120192337157,0.2237386420373899,20,57,4,0.18109035873835527,81
2022-01-31,0.11886531354204465,0.30205775444880745,0.5147498046444298,0.1831924409067628,8,41,1,0.18261750733114726,50
2022-02-01,0.09738940300766916,0.29877836361493365,0.4998326757778019,0.20138896060726447,6,29,3,0.16760101692968238,38
2022-02-02,0.14708790664054877,0.3207429585339109,0.505601989572727,0.1736550518933621,7,31,2,0.16982575679412773,40
2022-02-03,0.12342204336337224,0.3092327903651974,0.5049564626329774,0.18581074700182515,11,49,2,0.17259023872928111,62
2022-02-04,0.20054907593964555,0.36035223400189004,0.4798446079358654,0.15980315806224452,13,29,1,0.20575467901673677,43
2022-02-07,0.14706584660664526,0.3150713650272172,0.5169231165522108,0.168005518420572,11,46,1,0.18231899505721882,58
2022-02-08,0.1854220231147733,0.32394842297163234,0.5375251771715086,0.13852639985685905,7,37,0,0.15750200717023122,44
2022-02-09,0.20807152073182164,0.37159818227287056,0.46487515618608055,0.1635266615410489,13,32,2,0.2267656571927898,47
2022-02-10,0.17745675965786673,0.35659593651083055,0.46426488663620563,0.17913917685296382,10,21,1,0.20243161063353254,32
2022-02-11,0.21226191224627525,0.3626972784194312,0.4868673554074129,0.15043536617315595,8,18,0,0.20459808078451935,26
2022-02-14,0.1477098922138197,0.33252436275844444,0.4826611666969308,0.18481447054462477,10,25,2,0.23357400450547142,37
2022-02-15,0.19331671004520837,0.34376834009266277,0.5057800298598829,0.15045163004745435,5,16,0,0.18479123754468912,21
2022-02-16,0.2044809986764564,0.3590719066519763,0.4863371853725038,0.15459090797551991,11,23,0,0.1308410149561796,34
2022-02-17,0.2181779950138618,0.3799294667378968,0.4583190615380683,0.16175147172403498,13,24,0,0.21593341693578022,37
2022-02-18,0.13688807443677695,0.34085256196142516,0.4551829505139266,0.20396448752464824,6,15,3,0.2280370928665403,24
2022-02-22,0.11633955279614201,0.30612309444515035,0.5040933639058414,0.18978354164900832,8,50,1,0.15887074621593267,59
2022-02-23,0.12143358997725126,0.3141380184624055,0.49315755305244025,0.19270442848515426,8,17,1,0.17064163442961067,26
2022-02-24,0.13966914545663872,0.3389429596427724,0.4617832261710941,0.1992738141861336,8,18,1,0.1756908853614652,27
2022-02-25,0.18929413394790698,0.39025856764240024,0.40877699866310646,0.20096443369449327,7,7,2,0.28973003690008753,16
2022-02-28,0.10882050139952074,0.31175489724574346,0.4853107069080338,0.20293439584622272,8,31,2,0.21875084460151428,41
2022-03-01,0.20514104618149043,0.4042596994745356,0.3966216472324192,0.19911865329304518,15,14,1,0.20626748627616975,30
2022-03-02,0.13426185094113316,0.3212448337616248,0.4917721834178835,0.1869829828204917,11,35,0,0.14838434505088174,46
2022-03-03,0.1378161733688988,0.3391750509183916,0.45946607153211555,0.20135887754949283,9,20,3,0.20310729747338788,32
2022-03-04,0.08551541739001653,0.29542529694115865,0.4946648235076992,0.20990987955114215,4,29,3,0.20986363388635526,36
2022-03-07,0.11678488526107571,0.3188031230370823,0.47917863918691106,0.2020182377760066,13,33,3,0.16705705920272754,49
2022-03-08,0.17811447938241481,0.3432533847354714,0.49160770991147196,0.1651389053530566,17,50,0,0.15833369438924094,67
2022-03-09,0.16938427295847183,0.3503665227537167,0.46865122745103843,0.18098224979524485,13,25,1,0.20282167619002398,39
2022-03-10,0.11280732112257162,0.2883874950599497,0.5360323310026721,0.1755801739373781,6,33,0,0.13956581742999868,39
2022-03-11,0.13326197799115327,0.315983552744847,0.5012948725014591,0.1827215747536938,5,21,2,0.19735688573759508,28
2022-03-14,0.053076871888218365,0.2844754750236393,0.4841259218409398,0.23139860313542096,5,42,6,0.193316907395489,53
2022-03-15,0.1318146377746894,0.3201525262657235,0.4915095852432424,0.18833788849103408,5,25,0,0.1781592941719382,30
2022-03-16,0.10861211254112783,0.2983537082720351,0.5119046959970576,0.1897415957309073,4,19,1,0.14077766089843133,24
2022-03-17,0.10433288016963256,0.31068658237548546,0.48295971541866173,0.20635370220585286,6,26,2,0.16218215680155246,34
2022-03-18,0.2131192438071824,0.3750325571116218,0.4630541295839388,0.1619133133044394,9,15,0,0.1879196331992809,24
2022-03-21,0.09699113432571692,0.2857513768242473,0.5254883806772224,0.1887602424985304,4,32,2,0.14094361323691817,38
2022-03-22,0.14419107057234795,0.32846894358406026,0.4872531834042275,0.18427787301171228,6,18,0,0.14427366997476734,24
2022-03-23,0.10672860829855312,0.2837290502532811,0.5392705077919909,0.177000441954728,4,24,1,0.11713357362082258,29
2022-03-24,0.15330473593130392,0.33630844633277696,0.4806878432657499,0.1830037104014731,8,26,1,0.21743984540733285,35
2022-03-25,0.14621270698227806,0.31882860754615105,0.508555491889976,0.17261590056387296,6,28,2,0.16947299751441344,36
2022-03-28,0.10334721556015374,0.3190317645364587,0.46528368648723634,0.21568454897630499,10,47,10,0.20874806987394082,67
2022-03-29,0.13059240396565744,0.3060347891585392,0.518522825648579,0.17544238519288174,3,27,1,0.13552627813007057,31
2022-03-30,0.1449476819491317,0.3323126388425927,0.4803224042639463,0.187364956893461,18,30,2,0.19180508636777327,50
2022-03-31,0.16216705483361385,0.31173499447751635,0.5386970658785811,0.14956793964390255,4,33,1,0.1566538736831084,38
2022-04-01,0.08982494299868579,0.29697533776071977,0.49587426747724633,0.20715039476203398,7,26,4,0.23530748569882848,37
2022-04-04,0.0994826139555352,0.2918235008639835,0.5158356122275681,0.1923408869084483,6,36,1,0.16437371562259678,43
2022-04-05,0.1819285373517535,0.3369248107462475,0.5080789158592585,0.154996273394494,4,19,0,0.13726320379730853,23
2022-04-06,0.029638695408217487,0.2969271432232788,0.43578440896165993,0.2672884478150613,6,15,5,0.28221269884136135,26
2022-04-07,0.15103322964354798,0.32940290337301853,0.492227422897511,0.17836967372947055,7,15,1,0.15838797150686332,23
2022-04-08,0.1325396924588387,0.30753931604288254,0.5174610603730737,0.1749996235840438,4,21,1,0.13456960578096652,26
2022-04-11,0.1291760260009217,0.3300211553203195,0.4691337153602828,0.20084512931939774,12,25,3,0.25213557267496156,40
2022-04-12,0.15806618174441553,0.33401931249737743,0.49002755674966064,0.17595313075296193,7,23,1,0.14425960795658085,31
2022-04-13,0.14528529120983494,0.31635215819408646,0.5125809748216621,0.17106686698425147,7,25,1,0.16599744737376793,33
2022-04-14,0.1273566725062046,0.33181398189872197,0.46372870870876076,0.20445730939251733,6,21,4,0.2033134853281867,31
2022-04-18,0.13432069737618382,0.3296284002504646,0.47506389687525463,0.1953077028742808,7,32,2,0.17626326809616008,41
2022-04-19,0.18538685259060303,0.36152444728688277,0.4623379580168376,0.1761375946962797,10,18,1,0.16052712685761406,29
2022-04-20,0.09606169266922279,0.30578385910239425,0.4844939744644343,0.20972216643317143,6,20,4,0.18093840473089035,30
2022-04-21,0.16337756578325024,0.3599480421601142,0.4434814814630219,0.19657047637686395,12,17,2,0.17438393466638996,31
2022-04-22,0.11794630300497946,0.33066366371507455,0.45661897557483044,0.21271736071009506,10,25,1,0.16591876458293367,36
2022-04-25,0.10622055471734183,0.30553146204615494,0.49515763062503193,0.19931090732881312,6,26,4,0.23282058746964662,36
2022-04-26,0.11859162556546564,0.33526028573765554,0.4480710540901546,0.21666866017218991,11,32,3,0.19170983834156016,46
2022-04-27,0.11347053926807366,0.3221589019374598,0.4691527353931541,0.20868836266938612,10,23,3,0.18155405406645517,36
2022-04-28,0.11456983176535292,0.3484858712942118,0.41759808917692925,0.2339160395288589,16,35,8,0.21245211252177537,59
2022-04-29,0.04952183764282615,0.2933036565115176,0.46291452461979093,0.2437818188686914,12,57,7,0.18417068774209508,76
2022-05-02,0.12117256389552201,0.31774245241674914,0.4856876590620237,0.19656988852122714,11,43,3,0.15814257884642446,57
2022-05-03,0.14779671889002746,0.32807945529090204,0.49163780830822346,0.18028273640087455,4,24,0,0.10574534900443142,28
2022-05-04,0.10661382856502322,0.3112880085895024,0.48403781138601853,0.20467418002447915,6,17,4,0.25788127169898634,27
2022-05-05,0.16003349910431316,0.31835781466777363,0.5233178697687659,0.15832431556346044,4,16,0,0.19354200346236594,20
2022-05-06,0.049198470420340305,0.2669957123144346,0.5152070457914711,0.2177972418940943,4,17,3,0.18270607743387424,24
2022-05-09,0.11277664725615957,0.3149234478773414,0.4829297515014768,0.20214680062118182,7,28,3,0.1843706838143335,38
2022-05-10,0.11841639279790286,0.3165577887223305,0.48530081535324193,0.19814139592442762,5,19,1,0.15994826076402516,25
2022-05-11,0.12332853111270521,0.32924057432999737,0.4648473824527104,0.20591204321729217,6,16,2,0.2278774271856862,24
2022-05-12,0.0999797395765692,0.31955896636956005,0.4608618068374491,0.21957922679299083,12,31,5,0.26283057991557196,48
2022-05-13,0.17059357002885156,0.35636705102372784,0.4578594679813958,0.18577348099487628,13,24,1,0.16652814049072262,38
2022-05-16,0.12126391652870241,0.30817796343232307,0.5049079896640563,0.18691404690362068,4,24,2,0.20290413937939808,30
2022-05-17,0.051514504073652,0.28668227553457953,0.4781499530044929,0.23516777146092754,1,20,4,0.16064571913693615,25
2022-05-18,0.09456275767806689,0.2975352295318591,0.49949229861434863,0.20297247185379222,5,22,2,0.2217747802395453,29
2022-05-19,0.11527330213184646,0.3272150942423862,0.46084311364707403,0.21194179211053973,7,22,3,0.19022491021257487,32
2022-05-20,0.09319652731492858,0.29069165376962947,0.5118132197756696,0.19749512645470088,3,27,2,0.19916693085049011,32
2022-05-23,0.13346897751448306,0.3231483663887527,0.4871722447369777,0.18967938887426963,8,35,3,0.1617376924246794,46
2022-05-24,0.08981475370196605,0.3187164901863172,0.4523817733293317,0.22890173648435114,6,20,4,0.2244436455908693,30
2022-05-25,0.05398575988292672,0.2744446049831192,0.5050965499166883,0.22045884510019248,2,23,3,0.1859523278764536,28
2022-05-26,0.08772261765483659,0.28789174364336545,0.5119391303681057,0.2001691259885288,7,35,1,0.17849011270977513,43
2022-05-27,0.04966850326912256,0.2790556655719805,0.49155717212516153,0.22938716230285794,4,15,5,0.21951598342109538,24
2022-05-31,0.13369288695810327,0.31682616970764926,0.5000405475428048,0.18313328274954596,6,22,3,0.16376793218709337,31
2022-06-01,0.07890106599014361,0.26384859147084,0.5512038830484636,0.1849475254806964,1,17,1,0.15240307986828913,19
2022-06-02,0.17177324382270973,0.37391749167568217,0.42393826047134536,0.20214424785297244,7,15,0,0.19229502248581037,22
2022-06-03,0.07251238374861542,0.32210969188093636,0.4282929999867427,0.24959730813232092,7,17,4,0.23665156060188108,28
2022-06-06,0.1935272516709273,0.3504305054537061,0.4926662407635152,0.15690325378277878,17,57,2,0.16113248727652218,76
2022-06-07,0.09383121056654295,0.29964473582086615,0.4945417389248106,0.20581352525432323,9,48,7,0.20041965947604484,64
2022-06-08,0.1417863010999742,0.31741237034595676,0.5069615604080607,0.17562606924598254,6,24,1,0.17300864905941943,31
2022-06-09,0.08863218228515143,0.30578618252177975,0.4770598172415919,0.21715400023662831,9,26,4,0.21243309282048656,39
2022-06-10,0.1338088168724588,0.3052393335392048,0.5233301497940491,0.171430516666746,8,38,1,0.16143390482953182,47
2022-06-13,0.1448117081462258,0.3254145551636682,0.4939825978188895,0.18060284701744236,9,40,1,0.14240229144196123,50
2022-06-14,0.13515924624183415,0.3037597210651456,0.5276398041115429,0.16860047482331147,7,35,0,0.14956548767808509,42
2022-06-15,0.12076204515138958,0.3123312804991546,0.49609948415308036,0.19156923534776504,4,34,2,0.1909167163998649,40
2022-06-16,0.07681928245796078,0.30832165043280396,0.46017598159235285,0.23150236797484317,2,13,2,0.2387215930536872,17
2022-06-17,0.0748887527113394,0.27118651863116017,0.532515715449019,0.1962977659198208,2,21,3,0.14496654314949814,26
2022-06-21,0.11429599371140585,0.3193568699531318,0.4755822538051423,0.20506087624172595,14,40,3,0.1560855719242451,57
2022-06-22,0.12176473559759866,0.3226749318523013,0.4764148718929961,0.2009101962547026,4,14,1,0.17217657166855527,19
2022-06-23,0.1444804586264589,0.34109391205738926,0.46229263451168046,0.1966134534309303,5,20,2,0.18863502673107513,27
2022-06-24,0.18090859529647849,0.3436894748881313,0.49352964552021594,0.1627808795916528,3,24,1,0.1508932265954111,28
2022-06-27,0.12407693863566507,0.31341662005920856,0.49724369851724803,0.18933968142354346,10,30,3,0.17977057394924337,43
2022-06-28,0.11545009574571544,0.3217116370172805,0.4720268217111544,0.20626154127156507,9,25,3,0.21892682489413895,37
2022-06-29,0.17800815573913878,0.3441123651090474,0.4897834255210439,0.16610420936990866,9,27,2,0.17808524684467997,38
2022-06-30,0.06280034641744107,0.2963554315930804,0.4700894832312803,0.23355508517563933,7,29,7,0.24971073793559254,43
2022-07-01,0.12405293039260329,0.296209858682367,0.5316332130278694,0.1721569282897637,2,32,0,0.11926914132238929,34
2022-07-05,0.0901726122370093,0.28305752654198435,0.5240575591530405,0.19288491430497506,7,32,3,0.15720509885918246,42
2022-07-06,0.14476860003222755,0.3303491490385142,0.4840703019551991,0.1855805490062866,6,21,2,0.17638284979314872,29
2022-07-07,0.19209886865505854,0.34960505844581874,0.49288875176342095,0.15750618979076025,7,22,0,0.19679874661977428,29
2022-07-08,0.10624853447379376,0.349083772217612,0.4080809900385697,0.24283523774381827,5,11,4,0.27164485456590753,20
2022-07-11,0.13260464517928033,0.3188662173990821,0.4948722103811161,0.18626157221980177,9,29,3,0.18283193127942202,41
2022-07-12,0.17796527041655233,0.37035109937736876,0.4372630716618147,0.19238582896081646,7,17,3,0.2169562692974972,27
2022-07-13,0.06828844399133742,0.30219155459738517,0.4639053347965671,0.23390311060604774,5,17,3,0.19595236676800817,25
2022-07-14,0.14404910183717534,0.34614364644983886,0.4517618089374977,0.20209454461266352,7,17,1,0.18969278329217687,25
2022-07-15,0.16662230234073855,0.3498880698103999,0.4668461627199387,0.1832657674696614,6,11,1,0.16910325724754244,18
2022-07-18,0.08468427802344751,0.30003666970954546,0.4846109386043566,0.21535239168609796,12,34,4,0.21178040967289874,50
2022-07-19,0.13438495896759248,0.32867723623104605,0.4770304865055004,0.19429227726345355,13,38,2,0.16325941110042472,53
2022-07-20,0.13509265784389263,0.33536888245649743,0.4643548929308978,0.20027622461260478,11,26,3,0.18984209539523877,40
2022-07-21,0.07790781099493023,0.308639907664884,0.4606279956651622,0.23073209666995376,6,19,6,0.26294503922998486,31
2022-07-22,0.16751022406419538,0.37304489857120426,0.4214204269217869,0.20553467450700888,13,17,4,0.2702751029669002,34
2022-07-25,0.12179178034803088,0.33621066347015666,0.4493704534077176,0.2144188831221258,16,52,8,0.18908640960000844,76
2022-07-26,0.009224987389147513,0.3223671658565248,0.3644906556760979,0.3131421784673773,6,13,11,0.31352232064609864,30
2022-07-27,0.019336728570416253,0.2969380681343176,0.42546059230178107,0.2776013395639014,7,20,6,0.19859423052975222,33
2022-07-28,0.09319347257328968,0.3199609831429787,0.45327150628733226,0.22676751056968902,12,38,5,0.1906353200162167,55
2022-07-29,0.1429256175596902,0.35556753057161716,0.43179055641645586,0.21264191301192698,24,41,5,0.18889082060228013,70
2022-08-01,0.17441607706902748,0.33637466069717337,0.5016667556746808,0.16195858362814589,12,32,1,0.1537910677994945,45
2022-08-02,0.14812233049259707,0.32916393679039274,0.4897944569118116,0.18104160629779567,6,11,2,0.21064676331782167,19
2022-08-03,0.14621142569671197,0.32188722332757563,0.5024369790415607,0.17567579763086366,5,20,1,0.19935422468673414,26
2022-08-04,0.0011985883087165493,0.24689251030943574,0.5074135676898451,0.24569392200071918,0,14,2,0.22429259118437753,16
2022-08-05,0.1394005257522094,0.319705146701974,0.4999902323482614,0.18030462094976457,2,19,1,0.18218470910742024,22
2022-08-08,0.11365133773898248,0.3226857342319817,0.46827986927501897,0.20903439649299926,9,28,1,0.18228313035699137,38
2022-08-09,0.13567189414693115,0.3305805897232773,0.47451071470037653,0.19490869557634616,8,27,2,0.1520243010001846,37
2022-08-10,0.1486067629214817,0.35198304614312115,0.4446406706352394,0.20337628322163948,7,16,3,0.24508238881299207,26
2022-08-11,0.21968274142319674,0.39620788367572635,0.4272669740717441,0.1765251422525296,7,13,1,0.24887361618304396,21
2022-08-12,0.1329518697254172,0.3488133683941256,0.435325132937166,0.2158614986687084,10,20,2,0.19731283682171494,32
2022-08-15,0.1350150579952828,0.3229344458896448,0.48914616621599316,0.18791938789436205,6,39,2,0.15625776853048873,47
2022-08-16,0.07597829233251689,0.2942493052618177,0.4874796818088815,0.2182710129293008,5,32,3,0.17601410864957306,40
2022-08-17,0.10830764980577344,0.31294652211391505,0.48241460557794336,0.20463887230814162,9,17,1,0.18233808909228108,27
2022-08-18,0.09594873872138139,0.28394078448608095,0.5280671697492194,0.18799204576469958,0,24,2,0.11971466843950102,26
2022-08-19,0.12727387111920976,0.30576911041423377,0.5157356502907422,0.178495239295024,4,19,2,0.23799306662809006,25
2022-08-22,0.1450761707189277,0.34950690574554155,0.4460623592278446,0.20443073502661385,12,25,3,0.20432169640850617,40
2022-08-23,0.10963573079335179,0.344643063142577,0.4203496045081979,0.23500733234922516,8,13,5,0.2322377108079656,26
2022-08-24,0.17018317814335954,0.3408599039079141,0.48846337032753123,0.1706767257645546,8,29,1,0.18806186813432968,38
2022-08-25,0.10178387716429234,0.3251307554270181,0.45152236631025616,0.22334687826272573,4,8,2,0.1876253608281902,14
2022-08-26,0.08511435153300498,0.28120420824607667,0.5227059350408516,0.19608985671307172,4,21,1,0.11995850048147472,26
2022-08-29,0.10478916752362623,0.3172784971903128,0.47023217314300053,0.21248932966668663,12,33,3,0.21734920635349614,48
2022-08-30,0.13079919412803498,0.33773268901609566,0.4553338160958438,0.20693349488806065,5,9,2,0.2607631426026599,16
2022-08-31,0.060933282751923064,0.2794008772323755,0.5021315282871721,0.21846759448045247,3,12,3,0.23431166211201926,18
2022-09-01,0.13324372977476512,0.3559140652553732,0.4214155992640188,0.22267033548060805,9,14,4,0.20603937694322055,27
2022-09-02,0.0988940276130006,0.28349063962495724,0.5319127483630861,0.18459661201195665,2,29,0,0.14665670578574672,31
2022-09-06,0.10300492692517578,0.30468145432498966,0.49364201827519644,0.2016765273998139,13,49,2,0.18143976176951845,64
2022-09-07,0.11527141510756053,0.29501291669536056,0.5252455817168394,0.17974150158780006,5,60,2,0.1442560294957473,67
2022-09-08,0.12497820466323892,0.31343414144816445,0.49810992176690994,0.18845593678492556,8,48,2,0.18252834539393217,58
2022-09-09,0.18129668769511825,0.3356556831773945,0.5099853213403293,0.15435899548227627,9,30,0,0.16735304452295136,39
2022-09-12,0.14919535150644092,0.3387827577896733,0.47162983592709423,0.18958740628323237,12,30,2,0.17194243662685055,44
2022-09-13,0.09455595114720791,0.3055087701018981,0.4835384109434117,0.21095281895469017,6,26,4,0.2129100429909916,36
2022-09-14,0.11390106996457368,0.3115342363473323,0.4908325972699091,0.1976331663827586,4,24,2,0.1728343823853063,30
2022-09-15,0.06821645485766677,0.28024749898295864,0.5077214568917494,0.21203104412529192,5,24,5,0.18827697321520673,34
2022-09-16,0.009982286072571213,0.2646973587418446,0.480587568588882,0.25471507266927335,3,17,4,0.2371350945244606,24
2022-09-19,0.1608794082998705,0.32712759886457454,0.5066242105707214,0.16624819056470402,8,18,0,0.15900932080468944,26
2022-09-20,0.1556589214060483,0.31365277088471355,0.5283533796366212,0.15799384947866524,5,29,0,0.14089245457920604,34
2022-09-21,0.14423585417419604,0.35525922719429603,0.433717399785604,0.2110233730201,6,10,2,0.19352120927935726,18
2022-09-22,0.15284956134030145,0.33434846781927136,0.48415262570175877,0.1814989064789699,9,20,1,0.20138695391249015,30
2022-09-23,0.1055555894832646,0.2972508481626208,0.511053893158023,0.19169525867935622,4,30,0,0.1499298688192217,34
2022-09-26,0.11329755737839645,0.3298501525321312,0.4535972523141342,0.21655259515373468,11,31,4,0.17776160330897528,46
2022-09-27,0.03309266742009116,0.2815599035846326,0.4699728602508259,0.24846723616454147,2,12,2,0.23743196837499514,16
2022-09-28,0.09679356642517245,0.310174498745421,0.4764445689343304,0.2133809323202486,9,38,2,0.15567029054397302,49
2022-09-29,0.03303996702544105,0.27105823149817904,0.490923504029083,0.23801826447273794,5,27,5,0.2111904628513282,37
2022-09-30,0.03910487686874956,0.2786796921910278,0.48174549248669396,0.23957481532227823,3,32,4,0.1887550903617832,39
2022-10-03,0.14496214629004284,0.33778693420229716,0.4693882778854485,0.19282478791225433,9,22,2,0.1359258786956914,33
2022-10-04,0.13535975269314496,0.31188644226045653,0.5115868681722319,0.1765266895673116,6,31,0,0.13006840246824947,37
2022-10-05,0.15660932125316462,0.332070979821704,0.4924673616097566,0.17546165856853935,10,15,0,0.22595477848131848,25
2022-10-06,0.16805257115891997,0.35115989480250953,0.46573278155390085,0.1831073236435896,7,20,1,0.24560584389015244,28
2022-10-07,0.09306114995811954,0.3145370887489081,0.4639869724603033,0.22147593879078856,6,14,2,0.22130141124723945,22
2022-10-10,0.11691054512612867,0.3262167757648749,0.46447699359637884,0.20930623063874626,11,33,3,0.18782633847061822,47
2022-10-11,0.09111023215472581,0.3168002510307565,0.4575097300932129,0.22569001887603068,7,14,3,0.24700307784744352,24
2022-10-12,0.17855181245387633,0.3681088823857145,0.44233404768244744,0.18955706993183816,11,16,0,0.12575393527505563,27
2022-10-13,0.17342491536067522,0.37667144848988204,0.42008201838091114,0.20324653312920685,13,15,1,0.19675507104257978,29
2022-10-14,0.21811747295101397,0.388845641268086,0.44042619041484193,0.17072816831707208,6,8,1,0.19358484910547397,15
2022-10-17,0.1845466484206666,0.35894154737946443,0.46666355366173773,0.1743948989587978,13,21,1,0.15272658170293602,35
2022-10-18,0.1496389320535581,0.3365961830607848,0.47644656593198853,0.18695725100722665,7,25,2,0.21835621530728194,34
2022-10-19,0.11578627145237103,0.3575302547376474,0.40072576197707627,0.24174398328527633,6,10,3,0.2559502220098968,19
2022-10-20,0.12471132892627035,0.3650035223058483,0.39470428431457366,0.24029219337957797,5,5,2,0.27748165842561534,12
2022-10-21,0.13486014015496198,0.3411212274063155,0.4526176853423309,0.20626108725135356,10,27,1,0.16266339901666835,38
2022-10-24,0.10977701348330356,0.3223651657552339,0.46504668197283583,0.21258815227193031,9,30,3,0.21294795311389067,42
2022-10-25,0.10020523117918365,0.30816390632423274,0.48387741853071814,0.20795867514504907,9,25,4,0.21180671049889854,38
2022-10-26,0.09721089296013886,0.3168311373805223,0.46354861819909415,0.21962024442038347,5,20,3,0.2115680374667542,28
2022-10-27,0.044514766765537214,0.3095083084811478,0.42549814980324163,0.26499354171561057,9,26,6,0.21069964280341782,41
2022-10-28,0.08980971511584923,0.30978572984744357,0.4702382554209621,0.2199760147315943,13,49,4,0.1583578470287284,66
2022-10-31,0.10705745205670267,0.3188206191356049,0.46941621378549286,0.21176316707890222,13,45,2,0.17389602740643553,60
2022-11-01,-0.035244736800849996,0.29954821110132324,0.3656588409965035,0.3347929479021733,5,10,8,0.26553940141910454,23
2022-11-02,0.0020850841121721085,0.2933431438283802,0.4153987964554116,0.29125805971620816,7,13,7,0.2980668000268523,27
2022-11-03,0.1308819931318757,0.351964134476956,0.4269537241779636,0.22108214134508034,7,14,2,0.2454507317670446,23
2022-11-04,0.11448275429332971,0.33735040929628285,0.439781935700764,0.22286765500295314,6,15,3,0.2143933025118442,24
2022-11-07,0.04241912469351329,0.2981189466866103,0.4461812313202927,0.25569982199309704,15,51,10,0.1822845509152181,76
2022-11-08,0.1779737560760571,0.3616528500591145,0.45466805595782817,0.18367909398305737,9,14,2,0.19540887657344122,25
2022-11-09,0.1292574890440851,0.3259210857847101,0.477415317474665,0.196663596740625,5,16,0,0.17241138463454295,21
2022-11-10,0.16901325401874412,0.3770389227506868,0.41493540851737043,0.20802566873194273,13,23,2,0.18643006365523657,38
2022-11-11,0.1812269207485055,0.36097206346017047,0.4592827938281645,0.17974514271166503,6,14,0,0.16804658708971035,20
2022-11-14,0.07845341175127407,0.30640338182954097,0.46564664809219214,0.2279499700782669,5,23,4,0.23121001982722217,32
2022-11-15,0.0547241336614329,0.27606802685090714,0.5025880799596186,0.2213438931894742,3,21,2,0.15046432637315926,26
2022-11-16,0.17347754442623864,0.34283398199627035,0.48780958043369793,0.16935643757003171,8,13,1,0.18310571006086976,22
2022-11-17,0.1699821391108924,0.3328372172219868,0.5043077046669188,0.16285507811109443,3,11,0,0.16588985207041745,14
2022-11-18,0.09097498264364634,0.2765866842621713,0.5378016141193037,0.18561170161852497,2,23,1,0.08278069493149501,26
2022-11-21,0.11849128143923043,0.3085360962425754,0.5014190889540796,0.19004481480334495,7,28,1,0.16741795800417075,36
2022-11-22,0.16092837582599048,0.3294186391030066,0.5020910976199773,0.1684902632770161,3,17,1,0.27272296894151293,21
2022-11-23,0.059086434077794146,0.3108814357642278,0.4373235625493386,0.2517950016864336,6,22,3,0.163365350314049,31
2022-11-25,0.04697839586908231,0.2815766072834032,0.4838251813022758,0.23459821141432094,7,38,6,0.21165449444573475,51
2022-11-28,0.0653123413499243,0.28688489569842746,0.4915425499530694,0.22157255434850312,12,51,5,0.18116327792651638,68
2022-11-29,0.08075027592661946,0.2939028474860096,0.49294458095460025,0.21315257155939016,11,47,3,0.17800101177159625,61
2022-11-30,0.13607883803340537,0.33277834143326146,0.4705221551668825,0.19669950339985606,12,36,4,0.19719401576819684,52
2022-12-01,0.12822767015863637,0.3362970015650006,0.45563366702863517,0.20806933140636424,13,24,1,0.19307953583991816,38
2022-12-02,0.12108986182717173,0.338631144075089,0.4438275736769939,0.21754128224791722,9,15,2,0.23083206168021944,26
2022-12-05,0.1271684754694779,0.3451118481107688,0.4369447792479404,0.21794337264129085,15,40,2,0.2195499330543383,57
2022-12-06,0.11327137846859635,0.31011508535674426,0.4930412077551078,0.1968437068881479,7,34,2,0.16675592623956056,43
2022-12-07,0.0838567517649492,0.310812372354553,0.46223200705584316,0.2269556205896038,8,28,7,0.1805578121521458,43
2022-12-08,0.1488130266951365,0.3432971190789749,0.4622187885371867,0.19448409238383846,7,13,2,0.2003199692266946,22
2022-12-09,0.08772044409707283,0.29123286888219563,0.5052547063326817,0.20351242478512277,4,20,1,0.1563490588365539,25
2022-12-12,0.07955566350198548,0.309810877226523,0.4599339090489395,0.23025521372453747,7,18,5,0.2099732233613236,30
2022-12-13,0.17722179712157876,0.36262899599388093,0.45196380513381684,0.18540719887230223,8,19,0,0.19722868539750474,27
2022-12-14,0.1124023353599733,0.295762856166092,0.5208766230277894,0.18336052080611864,2,14,0,0.1271142728528835,16
2022-12-15,0.10884785229582794,0.3452423428303207,0.41836316663518663,0.2363944905344927,6,13,2,0.2491524768721545,21
2022-12-16,0.12854926580045858,0.31410595848229556,0.5003373488358674,0.18555669268183694,4,17,1,0.20123288165263797,22
2022-12-19,0.08054558341461987,0.3025730570608937,0.47539946929283244,0.22202747364627384,7,25,2,0.21627419315698415,34
2022-12-20,0.14656096408620342,0.34109663300975657,0.46436769806669026,0.19453566892355317,4,14,2,0.19466639090792642,20
2022-12-21,0.14559634901997134,0.34183876851396794,0.4619188119920354,0.19624241949399665,6,15,3,0.19369553181615953,24
2022-12-22,0.1337882643612403,0.31147793252762107,0.5108323993059981,0.17768966816638082,3,17,1,0.15960057387262203,21
2022-12-23,0.03238703296907075,0.3064215828179932,0.4195438673330844,0.27403454984892245,2,7,4,0.21434796907651552,13
2022-12-27,0.07619292737602128,0.30897153517688436,0.45824985702225246,0.2327786078008631,8,37,4,0.16313714935861812,49
2022-12-28,0.11314305849302758,0.3429859031257803,0.42717125224146685,0.22984284463275276,7,16,4,0.20058783140765016,27
2022-12-29,0.19381600149316044,0.36238809188631776,0.46903981772052494,0.16857209039315732,12,17,0,0.16606395533544954,29
2022-12-30,0.11143873390540088,0.31303211110185275,0.48537451170169543,0.20159337719645185,4,16,2,0.19805801471355974,22
2023-01-03,0.04574629069814762,0.3065300151480967,0.43268626040195424,0.2607837244499491,13,33,11,0.22806196305011356,57
2023-01-04,0.06779874793612942,0.292086375968728,0.48362599599867345,0.22428762803259858,6,32,2,0.2331139532319368,40
2023-01-05,0.08862886455032842,0.3332926820922645,0.4220435003657994,0.24466381754193608,5,18,2,0.24173153000476216,25
2023-01-06,0.12259766176782057,0.3400988480108639,0.44239996574609275,0.21750118624304332,7,11,2,0.19127367479705817,20
2023-01-09,0.11265185188397561,0.3465234500890918,0.419604951705792,0.2338715982051162,16,23,6,0.24007231066959484,45
2023-01-10,0.10969399038773432,0.31207104752779213,0.4855518953321501,0.2023770571400578,7,23,4,0.20468388265262907,34
2023-01-11,0.1454290605381895,0.3151381392516607,0.5151527820348681,0.16970907871347118,4,30,1,0.136748435103947,35
2023-01-12,0.096803980602167,0.31793374655878226,0.46093648748460236,0.22112976595661532,8,15,3,0.17362755677173772,26
2023-01-13,0.025332672143483195,0.28718373498032357,0.45096520218283603,0.2618510628368404,2,17,5,0.17732737611742852,24
2023-01-17,0.17224295193472164,0.34150475596807944,0.4892334399985627,0.1692618040333578,14,47,4,0.17580927417800998,65
2023-01-18,0.13422310023858755,0.32961317295345705,0.47499675433167343,0.1953900727148695,10,24,3,0.18192359746684272,37
2023-01-19,0.2458636539233316,0.43467865991807797,0.3765063340871757,0.18881500599474635,7,2,2,0.2942582845477642,11
2023-01-20,0.02697264770430871,0.2835970073677667,0.4597786329687752,0.25662435966345803,3,12,2,0.2149072678112546,17
2023-01-23,0.08622830082958234,0.29520539822130665,0.495817504386969,0.20897709739172432,10,29,4,0.20110363754493746,43
2023-01-24,0.15341287194032616,0.33532507527074834,0.48276272139882953,0.1819122033304221,5,15,2,0.17705535147158244,22
2023-01-25,0.08896338101003469,0.31642496143095683,0.4561134581481211,0.22746158042092215,4,8,3,0.29767913164833937,15
2023-01-26,0.10499139320853748,0.3485571274526161,0.4078771383033053,0.24356573424407862,5,9,2,0.20744226784100217,16
2023-01-27,0.07666068694050478,0.2917464886027896,0.4931677097349255,0.21508580166228483,5,17,3,0.1797920692181374,25
2023-01-30,0.09003362228953951,0.3088786196763446,0.4722763829368503,0.2188449973868051,12,47,6,0.19616040484624697,65
2023-01-31,0.05054102677045586,0.2832853990016476,0.48397022876716067,0.2327443722311917,3,25,5,0.1255548465043057,33
2023-02-01,0.09254565040374928,0.3115634387348776,0.46941877293399425,0.21901778833112825,9,22,4,0.21596168630875892,35
2023-02-02,0.03660146576095903,0.3304728980508597,0.3756556696592396,0.29387143228990065,19,22,17,0.23745693418090275,58
2023-02-03,0.04174547086407502,0.3152974929510673,0.41115048496194045,0.27355202208699225,15,35,20,0.23245313619286984,70
2023-02-06,0.045034866319640626,0.2792580068330728,0.48651885265349504,0.23422314051343218,5,24,3,0.16366614645411778,32
2023-02-07,0.1395187822626239,0.3071030436378025,0.525312694987019,0.1675842613751786,5,12,1,0.20032530160175105,18
2023-02-08,0.06754085508876187,0.31259552989278755,0.44234979530318674,0.24505467480402568,8,14,2,0.22032134038137555,24
2023-02-09,0.14901410090201173,0.2949005933336262,0.5592129142347593,0.1458864924316145,2,11,0,0.1206844535687249,13
2023-02-10,0.14968120395096243,0.3221815946303877,0.505318014690187,0.17250039067942527,4,16,1,0.16544213209690256,21
2023-02-13,0.130146854075637,0.3504410062267461,0.42926484162214473,0.22029415215110915,9,17,3,0.2230021266816365,29
2023-02-14,0.1965503955429268,0.34886103971288507,0.4988283161171567,0.15231064416995826,8,15,0,0.15279129666187535,23
2023-02-15,0.0795800661278027,0.26918537500006806,0.5412093161276667,0.18960530887226537,3,22,1,0.15426914378853207,26
2023-02-16,0.2116995365776085,0.37771467509817735,0.4562701863812537,0.1660151385205689,7,11,0,0.1906179630666585,18
2023-02-17,0.15176609723672616,0.30070984303538323,0.5503464111659597,0.14894374579865707,4,12,0,0.15526799925584617,16
2023-02-21,0.13827338197507472,0.30384477200173227,0.5305838379716101,0.16557139002665758,9,30,1,0.14888242326467122,40
2023-02-22,0.1206371121840073,0.30991661830650086,0.5008038755710056,0.18927950612249356,2,13,1,0.1541467576259486,16
2023-02-23,0.14373459388900195,0.33124457327272544,0.481245447343551,0.18750997938372352,6,12,0,0.16500626040730085,18
2023-02-24,0.1262570445124024,0.3438746501289368,0.4385077442545287,0.21761760561653443,8,9,2,0.2698861628263502,19
2023-02-27,0.1565913803498996,0.3197533159795706,0.5170847483907586,0.16316193562967093,8,25,0,0.16496016861419321,33
2023-02-28,0.17813871252962404,0.34957701690396453,0.47898467872169503,0.1714383043743405,6,16,0,0.1646973815993891,22
2023-03-01,0.09248771968781774,0.3037883468614259,0.48491102596496594,0.21130062717360815,3,18,0,0.15220771814857592,21
2023-03-02,0.1800254395566524,0.33643776454516144,0.5071499104663294,0.1564123249885091,4,18,0,0.10817387551082827,22
2023-03-03,0.1332546752936738,0.34032617716258157,0.4526023209685106,0.2070715018689078,8,23,3,0.20702580356124767,34
2023-03-06,0.1165725687080472,0.32886283780863346,0.4588468930907803,0.21229026910058627,16,40,7,0.19958654030610157,63
2023-03-07,0.1548855123884027,0.3442477900179965,0.4663899323524097,0.1893622776295938,3,12,1,0.17337346961476457,16
2023-03-08,0.17146997775742312,0.36950612717069975,0.4324577234160237,0.19803614941327663,5,11,1,0.19763460415317047,17
2023-03-09,0.14923261882894454,0.3479487926110644,0.4533350336068158,0.19871617378211984,7,15,0,0.13795114054959917,22
2023-03-10,0.1456464133442708,0.31185643530331086,0.521933542737649,0.16621002195904006,3,17,0,0.15728794822150693,20
2023-03-13,0.1117640541842299,0.32258695558615774,0.4665901430119145,0.2108229014019278,7,23,3,0.18434013471915822,33
2023-03-14,0.08478838247743509,0.3348157173795986,0.41515694771823786,0.2500273349021635,5,7,3,0.2759010283378667,15
2023-03-15,0.09505054961821355,0.3241968943969709,0.44665676082427164,0.22914634477875737,4,15,3,0.19319402833791197,22
2023-03-16,0.15684915310159353,0.3297893686694894,0.49727041576261477,0.17294021556789585,7,20,0,0.13560394321697616,27
2023-03-17,0.16759879145305084,0.35006194751347236,0.4674748964261062,0.18246315606042152,5,10,1,0.181920362575183,16
2023-03-20,0.1697151201777415,0.33338131120007725,0.502952497777587,0.16366619102233576,4,15,0,0.14295094782743203,19
2023-03-21,0.18727655188186146,0.34413475862245113,0.4990070346369592,0.15685820674058965,4,11,0,0.16644541432209445,15
2023-03-22,-0.05552300743129355,0.26685895244282776,0.41075908768305097,0.3223819598741213,2,8,5,0.35518474795389227,15
2023-03-23,0.10561277986004815,0.31178828602703096,0.48203620780598627,0.2061755061669828,5,31,1,0.15625873076678465,37
2023-03-24,0.11349482142719824,0.3176380270263269,0.47821876737454455,0.20414320559912857,4,15,1,0.1899812488773891,20
2023-03-27,0.22997583717956124,0.386394171921186,0.4571874933371891,0.1564183347416248,13,14,1,0.17378931910566098,28
2023-03-28,0.11083080641695639,0.30438995361870913,0.5020508991795382,0.19355914720175274,5,15,1,0.19224901579677678,21
2023-03-29,0.10717677666751063,0.2927171070748563,0.521742562517798,0.18554033040734566,2,22,1,0.15708768152779157,25
2023-03-30,0.09453353689779531,0.28894867485669323,0.516636187184409,0.1944151379588979,1,22,2,0.12080105437828106,25
2023-03-31,0.09691297322188455,0.3045607017075519,0.48779156980678084,0.20764772848566732,3,22,3,0.1451482627079254,28
2023-04-03,0.12333236501179752,0.3224403168117425,0.4784517313883125,0.19910795179994498,7,24,2,0.1951389652085255,33
2023-04-04,0.14569233356619363,0.3138969020459019,0.5178985294743897,0.16820456847970827,5,15,0,0.1691433523747672,20
2023-04-05,0.12959253199262283,0.3352300110633206,0.4591325098659815,0.20563747907069782,12,17,2,0.2084680708449053,31
2023-04-06,0.1889493623639925,0.37385922164390806,0.44123091907617634,0.18490985927991554,10,14,1,0.18146952346516632,25
2023-04-10,0.09271099436664537,0.3129051825488716,0.4669006292689022,0.22019418818222625,11,36,6,0.18651393722775114,53
2023-04-11,0.142290461390059,0.3445904381347808,0.45310958512049737,0.2022999767447218,7,11,4,0.2575391354570801,22
2023-04-12,0.1308304895024797,0.2998798882035833,0.5310707130953131,0.16904939870110358,3,19,0,0.12820934317714447,22
2023-04-13,0.18545831994382442,0.37422998093856485,0.4369983580666946,0.18877166099474046,13,17,0,0.14970714060099644,30
2023-04-14,0.18121888226079702,0.33806457503573883,0.5050897321893194,0.1568456927749418,4,10,1,0.19599269391317595,15
2023-04-17,0.20339911697578944,0.3706352771275501,0.4621285627206892,0.1672361601517607,20,38,2,0.17612790332243275,60
2023-04-18,0.18271694508465028,0.37029938800357004,0.44211816907751017,0.1875824429189198,11,26,0,0.15291866807756785,37
2023-04-19,0.15828864785357816,0.337059981781709,0.4841686842901601,0.17877133392813088,6,21,1,0.14433080104682963,28
2023-04-20,0.18961375208995299,0.3755868198574767,0.4384401123749995,0.1859730677675237,6,12,1,0.2759520012653255,19
2023-04-21,0.07691661926166288,0.2828150477492543,0.5112865237631543,0.2058984284875914,4,17,0,0.15632238747594415,21
2023-04-24,0.15515061541409333,0.32717454096424703,0.5008015334855992,0.17202392555015372,7,21,0,0.1579548369167904,28
2023-04-25,0.19390731000597172,0.33802395805177565,0.5178593939024204,0.1441166480458039,3,15,0,0.10761252603508994,18
2023-04-26,0.15537077379022474,0.3459383448357495,0.46349408411872584,0.19056757104552474,4,11,0,0.21722099300138895,15
2023-04-27,0.13854541630076425,0.3499681754105383,0.4386090654796875,0.21142275910977412,5,7,2,0.2070869770780139,14
2023-04-28,0.10840598695522488,0.3229413041611579,0.46252337863290904,0.21453531720593302,4,8,2,0.29471687122748425,14
2023-05-01,0.12323918771449753,0.34201887991601493,0.43920142788246774,0.21877969220151738,11,28,2,0.21010321120470374,41
2023-05-02,0.18735886311041364,0.35538150485143105,0.4765958534075517,0.16802264174101736,5,17,1,0.1539073006980248,23
2023-05-03,0.1420799895167664,0.35259468807737715,0.43689061336201207,0.21051469856061075,9,20,1,0.1903432553032218,30
2023-05-04,0.10895324575683316,0.3430738304235679,0.4228055849096973,0.2341205846667348,18,33,3,0.18565222388112934,54
2023-05-05,0.09101239934644255,0.3233133505954551,0.44438569815553236,0.23230095124901257,16,46,6,0.19630851337932712,68
2023-05-08,0.08736088955365442,0.28932166555951505,0.5087175584346243,0.20196077600586065,5,28,3,0.1701273908594591,36
2023-05-09,0.14573406284150353,0.32445865873846946,0.4968167453645645,0.17872459589696596,3,14,2,0.1829170461466202,19
2023-05-10,0.13736635901149952,0.33201946600703197,0.47332742699743563,0.1946531069955324,5,14,0,0.17523259629535243,19
2023-05-11,0.11436144538951906,0.293445310119484,0.527470825150551,0.17908386472996493,1,19,0,0.09606643802426591,20
2023-05-12,0.23268391542055938,0.37452500046805115,0.48363391448445703,0.1418410850474918,6,10,0,0.16229541612010462,16
2023-05-15,0.09490151318458316,0.32454589961391817,0.44580971395674673,0.22964438642933505,7,11,4,0.289853313327368,22
2023-05-16,0.19504861397486642,0.35501822952488243,0.4850121549251017,0.15996961555001596,5,9,0,0.15154431042241298,14
2023-05-17,0.17171149651587672,0.3268652196238006,0.5179810572682756,0.15515372310792386,5,19,0,0.11552228338139013,24
2023-05-18,0.13702421195267225,0.32293966314072636,0.49114488567121944,0.18591545118805414,7,16,0,0.15318810844278755,23
2023-05-19,0.11350399324529736,0.2919533043148655,0.5295973846155664,0.17844931106956813,4,20,1,0.17991901992260548,25
2023-05-22,0.09859428764181594,0.28694725607293675,0.5246997754959424,0.18835296843112084,6,31,2,0.1658926564116213,39
2023-05-23,0.17342513623492636,0.3702144263053119,0.43299628362430254,0.19678929007038556,5,3,0,0.16739489775489574,8
2023-05-24,0.08001673841379464,0.27880080546139485,0.5224151274910049,0.1987840670476002,0,4,0,0.13680383025565743,4
2023-05-25,0.12133118137697708,0.3086555343605128,0.5040201126559515,0.18732435298353575,2,5,0,0.15638981063254537,7
2023-05-26,0.16894438573788711,0.38169123411982187,0.40556191749824333,0.21274684838193478,1,2,1,0.268380694539518,4
2023-05-30,0.1653348665066479,0.374533807563983,0.4162672513786819,0.2091989410573351,9,9,1,0.21292769767897113,19
2023-05-31,0.15112771905759523,0.3362281357009505,0.4786714476556942,0.18510041664335528,4,17,2,0.19360478060832073,23
2023-06-01,0.1549068197805729,0.33491224445080264,0.48508233087896757,0.18000542467022973,7,24,2,0.14736622656378223,33
2023-06-02,0.13318441025513425,0.31080131781457004,0.5115817746259941,0.17761690755943582,8,34,3,0.17648275169950003,45
2023-06-05,0.09365022019763805,0.2960715487088068,0.5015071227800245,0.20242132851116876,14,83,9,0.17813313075074708,106
2023-06-06,0.12935370875049831,0.2940900783437312,0.5411735520630361,0.16473636959323282,6,66,2,0.14282211075953494,74
2023-06-07,0.16623401089718784,0.3257836085302159,0.5146667938367561,0.15954959763302803,9,18,1,0.1580438189416161,28
2023-06-08,0.18614844220326382,0.3579121486505853,0.47032414490209334,0.17176370644732142,9,22,0,0.19516442942910034,31
2023-06-09,0.07910690392670583,0.2551205378330715,0.5688658282605628,0.1760136339063657,3,14,1,0.13397066737684937,18
2023-06-12,0.16475800132954774,0.3323593323543812,0.5000393366207853,0.1676013310248335,8,17,0,0.1643928823281942,25
2023-06-13,0.07659600874985173,0.3043042114113032,0.4679875859272452,0.2277082026614515,7,28,5,0.19346308045952923,40
2023-06-14,0.123255597106977,0.3016751222010567,0.5199053527048636,0.1784195250940797,5,24,2,0.20501205906236353,31
2023-06-15,0.12705321355967622,0.3055001525704718,0.5160529084187326,0.17844693901079559,3,12,0,0.1195069010409376,15
2023-06-16,0.19312638151191705,0.36271903984764176,0.4676883018166335,0.16959265833572473,4,11,0,0.16763439287344642,15
2023-06-20,0.1776408145379401,0.3408899074002297,0.49586099973748066,0.1632490928622896,10,28,0,0.16680898445177716,38
2023-06-21,0.18467997247304507,0.3479984736673999,0.48868302513824524,0.16331850119435481,8,12,0,0.1998116237977717,20
2023-06-22,0.15061772234706214,0.3468508773134602,0.45691596772014176,0.196233154966398,5,5,1,0.17866542082319295,11
2023-06-23,0.15685028150491254,0.33146036332447043,0.49392955485597173,0.1746100818195579,5,14,1,0.18137881594844812,20
2023-06-26,0.15346679187413667,0.34390067586101986,0.4656654401520968,0.19043388398688324,9,23,3,0.21578452847016982,35
2023-06-27,0.2176265875330575,0.385861947294832,0.4459026929433937,0.16823535976177442,6,8,0,0.13934116098676455,14
2023-06-28,0.12517199620735067,0.3408424115169493,0.44348717317345215,0.2156704153095986,5,15,4,0.2231383271824485,24
2023-06-29,0.1071150885427164,0.30474014449635317,0.49763479955001,0.19762505595363677,6,22,2,0.15012914815957587,30
2023-06-30,0.15246221600724671,0.33160872365938854,0.48924476868846967,0.17914650765214182,15,45,1,0.1455620133719562,61
2023-07-03,0.13097550036997066,0.3191977758759049,0.4925799486181608,0.18822227550593426,9,31,3,0.19805100727751185,43
2023-07-05,0.1156732879297347,0.32918274068715064,0.45730780655543346,0.21350945275741592,10,20,2,0.1804692837164162,32
2023-07-06,0.21822720457550515,0.3872788409730532,0.4436695226293987,0.16905163639754808,5,6,1,0.21189807086739754,12
2023-07-07,0.12398671468105497,0.31816756417081377,0.48765158633942746,0.19418084948975883,4,12,3,0.19555556013336092,19
2023-07-10,0.12948592673693984,0.3206992751458003,0.4880873764453392,0.19121334840886048,7,20,1,0.20065618871474172,28
2023-07-11,0.10708368166265389,0.31177281904215837,0.48353804357833713,0.2046891373795045,6,19,3,0.20508749752919728,28
2023-07-12,0.08094601475048122,0.30218428755002213,0.4765774396504369,0.22123827279954086,3,7,0,0.17257166971742274,10
2023-07-13,0.13377349646997663,0.32705023728057675,0.4796730219088231,0.19327674081060012,4,12,0,0.19479368455065785,16
2023-07-14,0.12123896800060459,0.32712480923191456,0.4669893495367754,0.20588584123130999,3,13,2,0.19992167307091857,18
2023-07-17,0.19887926359881888,0.39050097056393124,0.4178773224709565,0.19162170696511233,13,19,2,0.23465363637593623,34
2023-07-18,0.10912108088184189,0.3107042112455083,0.4877126583908253,0.20158313036366643,5,12,0,0.15490403216330184,17
2023-07-19,0.13520766513111804,0.32403400498601087,0.48713965515909635,0.18882633985489283,5,17,0,0.16946195282062093,22
2023-07-20,0.24564769553451551,0.40596430713647363,0.43371908126156833,0.16031661160195812,6,12,0,0.17876458672122547,18
2023-07-21,0.08969420601264957,0.305938417962505,0.47781737008763964,0.21624421194985538,4,12,1,0.22865512861492196,17
2023-07-24,0.15804193869382982,0.3306351278465753,0.49677168300067925,0.17259318915274546,7,23,0,0.13919683018411347,30
2023-07-25,0.14358484909722935,0.32904534812155095,0.48549415285412745,0.1854604990243216,4,17,0,0.15255181753325409,21
2023-07-26,0.15055882397687775,0.33129029300998947,0.4879782379568988,0.1807314690331117,3,18,0,0.15680213966447154,21
2023-07-27,0.16236021917888888,0.3367974305763936,0.48876535802610155,0.1744372113975048,4,12,1,0.22314600278595062,17
2023-07-28,0.15077149435055673,0.3482098931559725,0.4543517080386117,0.19743839880541578,7,18,3,0.17826002401378538,28
2023-07-31,0.18483200270381123,0.3665535788484068,0.4517248450069978,0.1817215761445955,22,29,1,0.16380474314879342,52
2023-08-01,0.12126584697711108,0.34940487153825744,0.42245610390059624,0.22813902456114632,5,11,1,0.15186024870536916,17
2023-08-02,0.131595167559505,0.3442047360946383,0.44318569537022845,0.21260956853513327,5,11,2,0.2761436781953598,18
2023-08-03,0.05267450439204904,0.32505976092667155,0.40255498253870586,0.27238525653462253,9,25,10,0.2177195089760726,44
2023-08-04,0.07113360787760097,0.31123636481382255,0.44866087824995593,0.24010275693622155,9,29,6,0.1705371623999133,44
2023-08-07,0.10188914838845863,0.326826366154155,0.44823641608014864,0.22493721776569633,14,25,5,0.23236433776335472,44
2023-08-08,0.23058525618650877,0.38842319108238865,0.4537388740217314,0.1578379348958799,5,8,1,0.17660129281500048,14
2023-08-09,0.16065808326389933,0.31080627690661655,0.5390455294506662,0.1501481936427172,5,28,0,0.151022057957198,33
2023-08-10,0.07195775783778238,0.261446954317004,0.5490638492037744,0.18948919647922158,2,11,1,0.11611176582222155,14
2023-08-11,0.1018068295377823,0.2862350485312339,0.5293367324753145,0.18442821899345158,2,16,2,0.16610406615170228,20
2023-08-14,0.11645562528975578,0.3132964943218341,0.48986263664608765,0.1968408690320783,9,25,2,0.14687271806524307,36
2023-08-15,0.1447730153123621,0.31589573934972903,0.5129815366129041,0.1711227240373669,2,15,2,0.2218385834242671,19
2023-08-16,0.11536268217675756,0.32672029210057224,0.46192209797561296,0.21135760992381472,5,8,1,0.21818434991381142,14
2023-08-17,0.16258386784848686,0.3389103442257674,0.4847631793969521,0.1763264763772805,5,13,1,0.14650661992914102,19
2023-08-18,0.19166375618242437,0.3729884605066448,0.4456868351691347,0.18132470432422046,6,8,0,0.14204440972203353,14
2023-08-21,0.14027828960997887,0.3206308468136769,0.4990165959826251,0.18035255720369803,10,24,1,0.1715136012214492,35
2023-08-22,0.17135951950036113,0.33627932257996207,0.49880087434043696,0.16491980307960094,8,12,0,0.2048887191596808,20
2023-08-23,0.13981901917886488,0.33606391549882525,0.4676911881812143,0.19624489631996037,5,13,0,0.20066991073956894,18
2023-08-24,0.11338054102321339,0.2734610161046952,0.566458508813823,0.16008047508148182,2,23,0,0.11379875178864562,25
2023-08-25,0.12849412366363125,0.2905355871037478,0.5474229494561356,0.16204146344011658,2,10,0,0.11377143382450507,12
2023-08-28,0.14039660778626936,0.3276101469865761,0.48517631381311715,0.18721353920030673,6,30,2,0.1614832024021806,38
2023-08-29,0.13593760586100986,0.3247529717493014,0.4864316623624071,0.18881536588829154,2,15,1,0.14942670807620742,18
2023-08-30,0.10038133418473802,0.29427318216323123,0.5118349698582756,0.19389184797849318,7,18,1,0.15979399242404965,26
2023-08-31,0.09257029659043159,0.30906577005703506,0.47443875647636136,0.21649547346660353,5,17,1,0.1470626990063191,23
2023-09-01,0.15636856611222594,0.3363511103776258,0.48366634535697434,0.17998254426539984,4,17,1,0.1495818873461092,22
2023-09-05,0.17249980621362163,0.33694845864904577,0.49860288891553006,0.16444865243542414,9,28,1,0.1730772464113359,38
2023-09-06,0.08367853143494108,0.284025371590328,0.5156277882542851,0.20034684015538687,7,38,4,0.18227322215991676,49
2023-09-07,0.055669659791212356,0.2777774389001785,0.5001147819908556,0.22210777910896606,6,55,4,0.15522664438716308,65
2023-09-08,0.07026215320429019,0.2813098723281867,0.5076424085479168,0.21104771912389655,12,72,8,0.18349564551801675,92
2023-09-11,0.12308048273567472,0.3205674177017139,0.48194564733224693,0.1974869349660392,22,68,6,0.1965927053322483,96
2023-09-12,0.10554728834988297,0.3027596042406549,0.5000280798685731,0.19721231589077193,11,69,4,0.16886906788829126,84
2023-09-13,0.1028566517003501,0.28426978086896887,0.5343170899624123,0.1814131291686188,6,58,2,0.1531498270994937,66
2023-09-14,0.1648934993445432,0.33991579387925835,0.4850619115860265,0.17502229453471513,12,31,1,0.18948680422901606,44
2023-09-15,0.15527141414912854,0.3251981425550861,0.5048751290389564,0.16992672840595752,8,29,0,0.12993356424821798,37
2023-09-18,0.171871432180603,0.35003768283677944,0.47179606650704414,0.17816625065617644,18,40,0,0.15126814574017233,58
2023-09-19,0.1454442651827816,0.346161947268635,0.45312037064551164,0.2007176820858534,8,20,0,0.18474705704982314,28
2023-09-20,0.06720705847695077,0.2875165801874766,0.4921738981019975,0.22030952171052584,5,26,1,0.20709386338427774,32
2023-09-21,0.12532960625754905,0.32957124117680187,0.46618712390394534,0.20424163491925282,8,19,1,0.23120967741918644,28
2023-09-22,0.08874299985501564,0.29717119572327316,0.4944006084084693,0.20842819586825756,3,33,3,0.16444151348303845,39
2023-09-25,0.12827867377731475,0.3366867820872616,0.45490510960279157,0.20840810830994685,14,31,3,0.2118965696068221,48
2023-09-26,0.10605879364533385,0.2800455615667792,0.5459676705117755,0.1739867679214453,1,15,1,0.12981190415465652,17
2023-09-27,0.09352315333600861,0.28323387679125817,0.5270553997534922,0.18971072345524956,2,13,2,0.2637828099301876,17
2023-09-28,0.12857893152602315,0.3200498560250449,0.4884792194759335,0.19147092449902173,7,29,2,0.19494693524330933,38
2023-09-29,0.14463900816406816,0.31451312015444727,0.5156127678551736,0.16987411199037908,4,21,2,0.16663657166837234,27
2023-10-02,0.191893640000085,0.3492154799655489,0.4934626800689872,0.1573218399654639,13,30,0,0.15059259437868705,43
2023-10-03,0.11074636556368203,0.32877414012386447,0.45319808531595307,0.21802777456018244,7,12,4,0.3039897710063663,23
2023-10-04,0.12042536439772752,0.3140592977415654,0.49230676891459685,0.19363393334383783,10,46,1,0.15397390773259978,57
2023-10-05,0.1338340627667198,0.34722787033036767,0.4393783221059845,0.21339380756364787,5,16,1,0.22339834801725394,22
2023-10-06,0.1332657262220533,0.33995983366407184,0.45334605889390966,0.20669410744201855,5,14,2,0.19014023986955472,21
2023-10-09,0.13629296274571992,0.31472544652081524,0.5068420697040894,0.17843248377509532,5,26,1,0.16382834965065243,32
2023-10-10,0.16673856446001228,0.3411866995150538,0.48436516542990465,0.17444813505504156,5,15,0,0.15884889025747254,20
2023-10-11,0.15443816521098763,0.31177278721892204,0.5308925907731435,0.1573346220079344,3,18,1,0.18823550003276449,22
2023-10-12,0.1544791659262694,0.3234316661828004,0.5076158335606685,0.16895250025653105,3,8,0,0.12267705802323134,11
2023-10-13,0.11950859807920063,0.3139099047586231,0.4916887885619543,0.19440130667942254,3,13,2,0.17844351200118166,18
2023-10-16,0.16725738952408076,0.3453282980788611,0.4766007933663585,0.1780709085547804,14,32,0,0.21349842292587282,46
2023-10-17,0.1381904719896197,0.3589835934127543,0.42022328516411106,0.22079312142313462,5,10,2,0.1753256402531584,17
2023-10-18,0.11718324842498176,0.323431150461416,0.4703209475021497,0.20624790203643426,4,7,2,0.23491368274247432,13
2023-10-19,0.13591769217188676,0.31657520022209185,0.5027672917277031,0.18065750805020508,3,18,0,0.1391290847978417,21
2023-10-20,0.16004316018383377,0.3495142708737371,0.46101461843635955,0.18947111068990333,6,15,2,0.17165565193302582,23
2023-10-23,0.11711902573817481,0.3167351091029377,0.48364880753229944,0.19961608336476286,11,37,4,0.19729248870695637,52
2023-10-24,0.19711053245222654,0.35449288333087436,0.4881247657904778,0.15738235087864783,11,21,1,0.16844382491014756,33
2023-10-25,0.10746771260864103,0.3126738301454107,0.4821200523178196,0.20520611753676968,5,20,2,0.20288048694730998,27
2023-10-26,0.10531442136105558,0.3053037679987773,0.49470688536350105,0.19998934663772167,5,23,0,0.16319571620949924,28
2023-10-27,0.12533084271470915,0.3245416964550866,0.4762474498045359,0.19921085374037747,7,22,2,0.13354120803586972,31
2023-10-30,0.15002860881579635,0.33131923105494565,0.4873901467059051,0.1812906222391493,16,54,5,0.18644995977590614,75
2023-10-31,0.20965735806112792,0.37477380020355705,0.46010975765401385,0.1651164421424291,14,26,0,0.15822894577573454,40
2023-11-01,0.06555728586150039,0.30325957196354186,0.4590381419344167,0.23770228610204142,3,28,6,0.15255114373226222,37
2023-11-02,0.081558363836297,0.3276521632278136,0.42625403738066975,0.24609379939151663,11,31,7,0.19619895932821968,49
2023-11-03,0.0735939872888157,0.3261840064497725,0.4212259743892707,0.2525900191609568,18,33,13,0.22248512495132217,64
2023-11-06,0.15440507299236425,0.3323764186999814,0.4896522355924015,0.1779713457076171,11,30,3,0.16892240305790662,44
2023-11-07,0.18360729140855553,0.35971745880242806,0.4641723738036993,0.17611016739387256,6,17,0,0.12474348233270044,23
2023-11-08,0.1010594849897702,0.31582113669888673,0.4694172115919966,0.21476165170911657,5,20,4,0.22170906246772612,29
2023-11-09,0.13533858170825233,0.31701465397215506,0.5013092737639422,0.1816760722639027,5,29,1,0.1495821368869476,35
2023-11-10,0.121219520730089,0.31072837601251374,0.4997627687050616,0.1895088552824247,4,21,2,0.15623598414851728,27
2023-11-13,0.15710723694216736,0.3252848227219896,0.506537591498188,0.16817758577982225,5,28,1,0.14501200288451713,34
2023-11-14,0.13657617979386444,0.3181227924065998,0.5003305949806648,0.18154661261273536,10,30,2,0.1358269830858247,42
2023-11-15,0.13756601334704216,0.3085703289787376,0.520425355389567,0.17100431563169544,6,23,0,0.09820734808996863,29
2023-11-16,0.14800506614127953,0.3167474656907507,0.5145101347597781,0.16874239954947118,4,21,0,0.12975750626231616,25
2023-11-17,0.08463711067297752,0.27651815656133577,0.531600797550306,0.19188104588835822,2,26,0,0.12598550810797646,28
2023-11-20,0.17069556581454723,0.3372336896192849,0.49622818657597745,0.16653812380473768,8,34,0,0.12620411748885904,42
2023-11-21,0.14741715357442883,0.33575382266835263,0.47590950823772366,0.18833666909392377,7,21,1,0.15114816902987874,29
2023-11-22,0.17488284489871947,0.30943268313536976,0.55601747862798,0.1345498382366503,3,12,0,0.12188328414948005,15
2023-11-24,0.09870542587729977,0.3078361822415035,0.4830330613942927,0.20913075636420375,6,29,2,0.14912115044867577,37
2023-11-27,0.16333597904422906,0.35707242777493536,0.44919112349435825,0.1937364487307064,17,26,2,0.1773188744999896,45
2023-11-28,0.1596991100934001,0.32750221228635046,0.5046946855206992,0.16780310219295036,7,17,0,0.1292512194245983,24
2023-11-29,0.08585619458650959,0.2999791430540258,0.48589790847845804,0.2141229484675162,3,24,2,0.18828684614358676,29
2023-11-30,0.1754642061736703,0.35781410677906156,0.4598359926155471,0.18234990060539127,4,8,1,0.1940679552335065,13
2023-12-01,0.17196736677913962,0.3164147102544557,0.5391379462702282,0.14444734347531613,3,18,1,0.13286899843470215,22
2023-12-04,0.16025963541793853,0.3190805175771602,0.5220986002636181,0.1588208821592217,12,37,1,0.1666673258814316,50
2023-12-05,0.17378396072330718,0.35948742944180273,0.45480910183970175,0.18570346871849555,9,15,0,0.20279527822069565,24
2023-12-06,0.11045996587632716,0.29802091769830064,0.514418130479726,0.18756095182197347,4,33,3,0.1429869304971699,40
2023-12-07,0.13921596925485927,0.3199841585177847,0.49924765221928985,0.18076818926292545,10,22,2,0.16638668068942028,34
2023-12-08,0.15912700412343464,0.3418616240912135,0.47540375594100764,0.18273461996777884,13,28,3,0.1934580404131737,44
2023-12-11,0.12238206548603014,0.3167812739596885,0.48881951756665304,0.19439920847365838,9,32,2,0.19206893910860567,43
2023-12-12,0.14978434968762427,0.3342033653919871,0.48137761890365016,0.18441901570436278,6,23,2,0.15146490529534026,31
2023-12-13,0.14009330709276385,0.33899296237998405,0.46210738233279586,0.19889965528722015,7,22,2,0.16084242737426566,31
2023-12-14,0.12773076127183594,0.3182691056004561,0.4911925500709238,0.19053834432862013,7,24,2,0.249235589593441,33
2023-12-15,0.08869723273431372,0.29772447317826506,0.4932482863777837,0.2090272404439513,4,16,2,0.187242717279383,22
2023-12-18,0.09251758266636373,0.31729261633792905,0.4579323499905057,0.22477503367156532,10,30,5,0.1588157714327591,45
2023-12-19,0.12318959645881437,0.3100336565996633,0.5031222832594876,0.18684406014084898,6,29,2,0.16373615520088045,37
2023-12-20,0.13480201445671713,0.32197613247497103,0.490849749506775,0.1871741180182539,6,12,0,0.15182663542453592,18
2023-12-21,0.08410203794371066,0.29988106647966384,0.484339904984383,0.21577902853595318,7,26,2,0.20572486641045098,35
2023-12-22,0.09832713838460297,0.28047889513326996,0.5373693481180629,0.18215175674866704,2,15,1,0.18755892095756602,18
2023-12-26,0.13896754879474474,0.34293414032155567,0.4530992681516333,0.20396659152681096,11,31,3,0.1711624912788791,45
2023-12-27,0.10720573391431328,0.3245336244024546,0.458138485109404,0.21732789048814133,9,28,3,0.15503677757999312,40
2023-12-28,0.13062652206601433,0.31898174135883656,0.4926630393483413,0.18835521929282217,7,26,2,0.1412764358168752,35
2023-12-29,0.1348989969322255,0.33832215169959445,0.45825469353303666,0.2034231547673689,8,14,2,0.16634417866969323,24
2024-01-02,0.07774783208089915,0.3019970076071599,0.47375381686657936,0.22424917552626075,14,51,7,0.20683343388833345,72
2024-01-03,0.0708195260249277,0.2838885118486325,0.5030425023276627,0.21306898582370484,6,31,2,0.16682575454659954,39
2024-01-04,0.11392574235059134,0.3168349406277997,0.4802558610949919,0.2029091982772084,7,25,3,0.16937432394110444,35
2024-01-05,0.10449416480242596,0.31751522721858283,0.46946371036526025,0.21302106241615687,8,23,2,0.20733925173390344,33
2024-01-08,0.09698976833968746,0.3036507047293043,0.4896883588810788,0.20666093638961683,8,33,2,0.17786734784477834,43
2024-01-09,0.06931814904630945,0.31463730451485084,0.4400435400166078,0.24531915546854138,4,9,2,0.2586272569643683,15
2024-01-10,0.06941258859469789,0.28471311730235,0.4999863539899978,0.21530052870765212,4,20,2,0.21337108835831253,26
2024-01-11,0.04273193303041752,0.2745850972499939,0.49356173853042973,0.23185316421957639,3,21,5,0.2154262115749867,29
2024-01-12,0.08337663700403442,0.2914120087627173,0.5005526194785999,0.20803537175868286,5,21,3,0.20029005576271627,29
2024-01-16,0.06563634228431306,0.30207408606947317,0.46148817014536675,0.23643774378516014,17,61,7,0.1776003205484546,85
2024-01-17,0.10600109341226617,0.3200276608580027,0.46594577169626067,0.21402656744573656,13,28,6,0.20641434682516138,47
2024-01-18,0.1040987780803394,0.32770144219227315,0.44869589369579316,0.22360266411193372,9,31,2,0.1661935670694721,42
2024-01-19,0.10601190850077706,0.31268596703284274,0.48063997443509165,0.20667405853206564,6,21,0,0.13476920332658088,27
2024-01-22,0.10416583904263187,0.30837317615038595,0.48741948674186,0.20420733710775407,8,35,1,0.19078789831479329,44
2024-01-23,0.1308446659995003,0.33251086768525895,0.46582293062898233,0.2016662016857587,4,13,1,0.1816600255182721,18
2024-01-24,0.10819158754842721,0.29984449604509145,0.5085025954582443,0.19165290849666422,2,16,2,0.17662135599592574,20
2024-01-25,0.11612065840447132,0.3239665517373168,0.46818755492983766,0.2078458933328455,10,24,2,0.18278412997450505,36
2024-01-26,0.15083038578448388,0.33575407948808,0.4793222268083238,0.18492369370359615,9,22,1,0.14925500909855843,32
2024-01-29,0.09250833892581438,0.3115069274368262,0.46949448405216204,0.21899858851101178,10,39,6,0.18594026295390434,55
2024-01-30,0.1164472067741209,0.31326905818691136,0.4899090904002981,0.19682185141279052,7,18,1,0.16908279490835507,26
2024-01-31,0.08498747787092367,0.30517224821553246,0.4746429814398587,0.22018477034460882,7,25,0,0.12066708622391092,32
2024-02-01,0.11755392744897121,0.3366514926188555,0.4442509422112602,0.2190975651698843,15,38,6,0.19561268067519744,59
2024-02-02,0.09627143848906797,0.30671549349007665,0.48284045150891464,0.2104440550010087,10,46,5,0.1804061745744492,61
2024-02-05,0.10239780665023636,0.2982240980181494,0.5059496106139375,0.19582629136791307,12,42,3,0.16987399989626847,57
2024-02-06,0.2080763975038783,0.38469709997016355,0.4386821975635513,0.17662070246628522,6,8,1,0.24375512036358904,15
2024-02-07,0.10947835153373693,0.29676991639634376,0.5159385187410495,0.18729156486260679,5,20,0,0.1051669022858924,25
2024-02-08,0.16610039334799664,0.3570804600681298,0.45193947321173705,0.19098006672013312,9,13,2,0.2380334547610937,24
2024-02-09,0.08329084776703727,0.2531521736782054,0.5769865004106264,0.1698613259111682,3,15,0,0.0697602204060445,18
2024-02-12,0.15807563462976723,0.33041451598148813,0.49724660266679094,0.17233888135172093,9,19,1,0.1771244341128518,29
2024-02-13,0.11973341985357051,0.3112590668003405,0.4972152862528896,0.19152564694677,4,14,0,0.21008664279927458,18
2024-02-14,0.2060898395775584,0.34267185215573553,0.5207461352660873,0.13658201257817715,4,12,0,0.15183533319255904,16
2024-02-15,0.20113655862878976,0.3453238927762365,0.5104887730763168,0.14418733414744672,6,20,0,0.1688265383356864,26
2024-02-16,0.13587221888640835,0.290066712609138,0.5557387936681324,0.15419449372272964,1,20,0,0.1219802381187156,21
2024-02-20,0.15455753856867246,0.32936537294471785,0.4958267926792367,0.17480783437604538,14,37,0,0.12397206356166535,51
2024-02-21,0.16781473817499842,0.3683984737665924,0.43101779064181367,0.20058373559159393,12,15,2,0.23698408292567688,29
2024-02-22,0.12969333410908507,0.3236561376539862,0.48238105880111265,0.19396280354490117,2,13,0,0.1934733368096087,15
2024-02-23,0.15467067395941242,0.37191306062189416,0.4108445527156241,0.21724238666248175,3,7,2,0.26962082776121205,12
2024-02-26,0.1069295175785695,0.30419456841886794,0.49854038074083357,0.19726505084029844,7,25,2,0.18079966458063323,34
2024-02-27,0.135454250705972,0.3233179354587103,0.48881837978855147,0.1878636847527383,3,18,0,0.16644879297182755,21
2024-02-28,0.14725298774315596,0.3445079194451787,0.4582371488527986,0.1972549317020227,7,17,0,0.15416775604243024,24
2024-02-29,0.12956780245184712,0.30030040602902874,0.5289669903937897,0.1707326035771816,2,15,1,0.1014916920323211,18
2024-03-01,0.09685428583430557,0.2959066903057915,0.5050409052227227,0.19905240447148587,3,13,3,0.19908040941159102,19
2024-03-04,0.10399593464752344,0.30923151918686703,0.4855328962737893,0.20523558453934362,10,35,6,0.21020997440877215,51
2024-03-05,0.02926688339689964,0.2668782103564361,0.49551046268402743,0.23761132695953646,3,20,4,0.25104769461222376,27
2024-03-06,-0.010726914727841446,0.27324848202563146,0.4427761212208956,0.2839753967534729,1,10,4,0.2155832525421211,15
2024-03-07,0.11890660258275239,0.31233571354903017,0.49423517548469204,0.19342911096627777,4,12,2,0.24480738808056254,18
2024-03-08,0.20387365016068512,0.39594527250240763,0.4119831051558699,0.1920716223417225,8,8,0,0.20837870765773278,16
2024-03-11,0.08055072776885444,0.2850887846117719,0.5103731585453106,0.20453805684291745,5,27,3,0.1910592045527329,35
2024-03-12,0.14335366086842594,0.3488810999361501,0.44559146099612573,0.20552743906772414,7,5,1,0.1734054747038267,13
2024-03-13,0.2285845358368759,0.3628892020639474,0.502806131708981,0.13430466622707152,4,8,0,0.10268885790021107,12
2024-03-14,0.13790453107203696,0.35255415283813,0.4327962253957769,0.21464962176609304,7,11,1,0.18575514393314455,19
2024-03-15,0.05307524078823547,0.2824661654918474,0.4881429098045407,0.22939092470361191,2,10,4,0.14384454298746183,16
2024-03-18,0.14081466578613108,0.3298110352521954,0.48119259528174024,0.18899636946606435,11,25,1,0.2069561374098079,37
2024-03-19,0.09310116310883604,0.2875537217483004,0.5179937196122352,0.19445255863946437,2,15,1,0.15687059495077202,18
2024-03-20,0.20409731892795788,0.3620216683890423,0.48005398214987327,0.15792434946108444,4,12,0,0.16807057608531425,16
2024-03-21,0.08727242032904323,0.3111925784868132,0.4648872633554168,0.22392015815776994,5,13,3,0.15980022282443637,21
2024-03-22,0.08467045965501302,0.28113524746502805,0.5223999647249569,0.19646478781001503,5,26,2,0.18306671744359895,33
2024-03-25,0.10685515198291873,0.2823331397920058,0.5421888723989071,0.1754779878090871,6,34,2,0.1512889467764,42
2024-03-26,0.062204240648699186,0.2828850358420438,0.4964341689646116,0.22068079519334458,2,15,2,0.16397149792052632,19
2024-03-27,0.15459706217476257,0.34625713580868933,0.46208279055738377,0.19166007363392681,4,9,1,0.18098592683510203,14
2024-03-28,0.1535776851848472,0.3498553235837516,0.45386703801734407,0.19627763839890436,8,12,3,0.24489524820658745,23
2024-04-01,0.15210499087866292,0.35330899048176345,0.445487009915136,0.20120399960310054,9,28,2,0.18424410286402038,39
2024-04-02,0.11853693854224585,0.3095739769564323,0.4993889846293813,0.19103703841418643,2,9,0,0.10080981261340953,11
2024-04-03,0.073988575740741,0.2545130607194687,0.5649624543018036,0.1805244849787277,2,11,0,0.10566976347024916,13
2024-04-04,0.06105215741481606,0.26239859885122013,0.5362549597123758,0.20134644143640404,0,5,1,0.15629078995942416,6
2024-04-05,0.0861992612081367,0.32977964425781525,0.42663997269250625,0.24358038304967855,6,8,3,0.20495040906406295,17
2024-04-08,0.13940918532166469,0.32829477157554304,0.4828196421705787,0.1888855862538783,5,16,1,0.18198917833740738,22
2024-04-09,0.04956910970265569,0.23765587317244002,0.5742573633577758,0.1880867634697843,0,7,0,0.05145414379827312,7
2024-04-10,0.08947695578234918,0.29432187143137545,0.5008332129195984,0.20484491564902624,3,11,0,0.13622620624541698,14
2024-04-11,0.09989878068256164,0.29338066281839087,0.5131374550457799,0.19348188213582923,3,12,1,0.19485311966952415,16
2024-04-12,0.1558739121418631,0.34099245130652084,0.47388900952882146,0.18511853916465773,3,9,0,0.12988155897208192,12
2024-04-15,0.11530765461768233,0.3363408616904131,0.44262593123685606,0.22103320707273078,12,24,3,0.21954511880589048,39
2024-04-16,0.2850391221376643,0.4340170998851041,0.41700492236745623,0.14897797774743976,7,6,0,0.17511049163626585,13
2024-04-17,0.1099467738522513,0.292112018771291,0.5257227363096693,0.1821652449190397,4,16,0,0.1819555726091666,20
2024-04-18,0.174745522123464,0.3877768466986096,0.3991918287262448,0.2130313245751456,9,12,2,0.24415398245939596,23
2024-04-19,0.2038940998725069,0.38961759498946186,0.4246589098935832,0.18572349511695493,14,13,1,0.19318248719749134,28
2024-04-22,0.06532801298169376,0.29239153530443057,0.4805449423728327,0.2270635223227368,6,28,2,0.1436008829025116,36
2024-04-23,0.11051687664423002,0.33438963015214496,0.44173761633994013,0.22387275350791488,5,14,1,0.17978337162142863,20
2024-04-24,0.24464729364842788,0.3990964413273685,0.44645441099369093,0.15444914767894058,6,5,0,0.20955135186861565,11
2024-04-25,0.1121531308019399,0.33736840882086505,0.4374163131602098,0.22521527801892516,6,10,2,0.21611676041146566,18
2024-04-26,0.2026467272495724,0.3704685740564294,0.46170957913671357,0.167821846806857,6,9,0,0.19238757021944577,15
2024-04-29,0.1338803379293161,0.32047311466870015,0.49293410859191583,0.18659277673938401,15,30,1,0.13682291383754064,46
2024-04-30,0.08408170142388921,0.30684927223570047,0.4703831569524882,0.2227675708118113,5,15,1,0.19210826890132215,21
2024-05-01,0.050412263720547724,0.30995285089364655,0.43050656193325465,0.2595405871730988,2,13,0,0.16096687549409547,15
2024-05-02,0.1435693434727831,0.3474131687601294,0.4487430059525244,0.20384382528734626,5,18,2,0.1732404063692551,25
2024-05-03,0.0793368093664838,0.2899161313880218,0.49950454659044013,0.210579322021538,4,21,3,0.16784894673902997,28
2024-05-06,0.12318695488761004,0.3200580684520435,0.48307081798352314,0.1968711135644334,12,40,2,0.15542736848202746,54
2024-05-07,0.14292463221893412,0.33847769607293404,0.46596924007306595,0.19555306385399995,8,23,2,0.19812147420606144,33
2024-05-08,0.19188362022888167,0.3649550849838752,0.46197345026113135,0.1730714647549935,7,14,1,0.16441295079362322,22
2024-05-09,0.24916315038732031,0.4168611009357249,0.41544094851587043,0.1676979505484046,12,8,0,0.1840270160200532,20
2024-05-10,0.185784536161854,0.3476702029551937,0.4904441302514666,0.16188566679333968,4,17,1,0.1308844379867278,22
2024-05-13,0.08899718735641274,0.2964976349864474,0.496001917383518,0.20750044763003464,6,39,1,0.1614072663496981,46
2024-05-14,0.1263733111964398,0.33692561099121376,0.45252208921401227,0.21055229979477397,8,14,1,0.21426128944957046,23
2024-05-15,0.16923423051326822,0.35234410198356975,0.4645460265461287,0.1831098714703015,8,13,1,0.1838600858666441,22
2024-05-16,0.20181872424563757,0.37369470720068587,0.4544293098442658,0.17187598295504827,7,10,0,0.16719710898804013,17
2024-05-17,0.01997184874893164,0.2357852981767655,0.5484012523954006,0.21581344942783387,1,8,2,0.16048218666919153,11
2024-05-20,0.14618495837971232,0.31598178930055115,0.51422137977861,0.1697968309208388,3,21,1,0.11553089006487163,25
2024-05-21,0.18591495259991847,0.3726594652092536,0.4405960221814113,0.18674451260933508,7,14,0,0.17506799439191323,21
2024-05-22,0.1280984913923053,0.3145372613770932,0.4990239686381189,0.18643876998478792,2,8,1,0.15315556934439573,11
2024-05-23,0.13634944763089168,0.30473545453961665,0.5268785385516586,0.16838600690872493,3,16,1,0.19002995726669236,20
2024-05-24,0.17216172577223127,0.3606506916192317,0.4508603425337679,0.18848896584700042,6,9,0,0.1670707928366948,15
2024-05-28,0.13369837036393747,0.3152644747092883,0.503169420945361,0.18156610434535078,9,28,1,0.13061755004727613,38
2024-05-29,0.17886639120197384,0.350103364425274,0.4786596623514258,0.17123697322330017,5,15,0,0.17347440361271424,20
2024-05-30,0.12418760104933561,0.3152607499901239,0.49366610106908787,0.19107314894078828,4,16,1,0.19019165785605044,21
2024-05-31,0.12612132186300268,0.2882446628898979,0.5496319960832069,0.1621233410268952,2,12,0,0.15781055864247392,14
2024-06-03,0.11187607935141922,0.2725952034798009,0.5666856723918173,0.16071912412838169,2,18,0,0.14444049587520885,20
2024-06-04,0.12603222624058022,0.28369312122148777,0.5586459837976048,0.15766089498090752,1,12,0,0.088774944686772,13
2024-06-05,0.24570513750009002,0.39795339566923066,0.44979834616162867,0.15224825816914067,7,10,0,0.18398161985992026,17
2024-06-06,0.11717436604077426,0.29556019566917974,0.5260539747024149,0.17838582962840543,4,20,0,0.11700789780372654,24
2024-06-07,0.1058757358557876,0.2926078359519226,0.5206600639519424,0.18673210009613495,3,17,1,0.15191982576492252,21
2024-06-10,0.15062008223659276,0.29184096269576926,0.5669381568450543,0.1412208804591765,2,31,0,0.11049288790731737,33
2024-06-11,0.13499511612033313,0.3169024956640345,0.5011901247922641,0.18190737954370134,6,29,0,0.14281549326266488,35
2024-06-12,0.15915813750726504,0.34987609316598384,0.45940595117529737,0.1907179556587188,9,27,1,0.1531402698180541,37
2024-06-13,0.1632819427052667,0.3360022039595987,0.49127753478606934,0.17272026125433199,7,28,1,0.15143109461878365,36
2024-06-14,0.14075252863740703,0.3321047043102568,0.4765431200168933,0.19135217567284982,4,11,0,0.15522373411182336,15
2024-06-17,0.10443920373103946,0.3069474823025498,0.49054423912593986,0.20250827857151033,9,32,2,0.20629738815646187,43
2024-06-18,0.18159115784469604,0.3586383543756539,0.46431444909338826,0.17704719653095785,12,23,1,0.1797122164090941,36
2024-06-20,0.20232436290585323,0.37691899337100343,0.4484863761638464,0.17459463046515017,14,20,2,0.17562317441446673,36
2024-06-21,0.18341559476071098,0.35087694182364204,0.481661711113427,0.16746134706293106,6,20,2,0.20384332285044207,28
2024-06-24,0.15184076806792007,0.3215530148830198,0.5087347383018804,0.16971224681509975,8,37,1,0.16876749911878564,46
2024-06-25,0.19736982981788476,0.3662158976742852,0.4649380344693144,0.16884606785640044,9,10,0,0.20427567841033492,19
2024-06-26,0.17123502677953814,0.3488382646750261,0.4735584974294859,0.177603237895488,5,11,0,0.19646998528459808,16
2024-06-27,0.09360460525797308,0.296472304538269,0.5006599961814351,0.2028676992802959,4,19,2,0.18676183940354316,25
2024-06-28,0.17962325742168572,0.367627459787151,0.4443683378473838,0.18800420236546522,7,12,0,0.18384550187693696,19
2024-07-01,0.13868252522691485,0.3203241340420357,0.4980342571428435,0.18164160881512084,4,22,2,0.17363475734892173,28
2024-07-02,0.1336766032458009,0.31990880397175725,0.49385899530228644,0.18623220072595634,4,11,1,0.18608288992888591,16
2024-07-03,0.18653470831408284,0.37138449504501064,0.44376571822406163,0.1848497867309278,9,14,0,0.1566237121133606,23
2024-07-05,0.1080847989173687,0.3052972988581646,0.49749020120103954,0.19721249994079587,5,37,3,0.2048232283502562,45
2024-07-08,0.13970118949410051,0.320845032802587,0.49801112388892654,0.18114384330848649,5,18,0,0.14991705973846034,23
2024-07-09,0.1428086428700316,0.3337746018891601,0.4752594390917114,0.1909659590191285,6,18,2,0.1837711829529323,26
2024-07-10,0.14872232000753852,0.33567768464673375,0.477366950714071,0.18695536463919527,8,16,0,0.15488868767975042,24
2024-07-11,0.18513802088748713,0.3625828217515152,0.4599723773844568,0.17744480086402803,7,15,0,0.13572358189603062,22
2024-07-12,0.1099720254079173,0.336215807463292,0.4375404104813333,0.2262437820553747,6,12,1,0.24445482669386748,19
2024-07-15,0.09346982894102926,0.3286623666872047,0.43614509556661973,0.23519253774617546,7,21,3,0.19900021491355271,31
2024-07-16,0.09668767006654566,0.3360972652568772,0.4244931395527913,0.23940959519033153,3,8,1,0.144939248124037,12
2024-07-17,0.17796942659998338,0.32676468923942836,0.5244400481211267,0.148795262639445,6,14,1,0.22817615542869674,21
2024-07-18,0.08270391693438907,0.30857674491063847,0.4655504271131122,0.22587282797624939,5,15,2,0.19722704865499352,22
2024-07-19,0.1313022055171475,0.30072886863986464,0.5298444682374183,0.1694266631227171,3,12,1,0.18374368056429483,16
2024-07-22,0.14723934720631604,0.34226221030438136,0.46271492659755337,0.1950228630980653,7,14,1,0.1782977350444879,22
2024-07-23,0.08619374561619164,0.3021179334643006,0.4819578786875904,0.215924187848109,4,15,2,0.1840369910961876,21
2024-07-24,0.16148096919482144,0.3568301151177439,0.4478207389593338,0.19534914592292238,11,18,1,0.1969788039234407,30
2024-07-25,0.1756089362757057,0.358659497982847,0.4582899403100117,0.18305056170714132,6,11,1,0.19444640773584668,18
2024-07-26,0.05114230027170299,0.3016638358336374,0.4478146286044282,0.2505215355619344,3,14,2,0.2913412997118469,19
2024-07-29,0.10342090867284041,0.30660993956304017,0.49020102954676004,0.20318903089019977,10,40,1,0.14685580498451947,51
2024-07-30,0.1759757315211126,0.35714757472778685,0.4616805820655389,0.18117184320667423,6,11,0,0.17088067826548112,17
2024-07-31,0.10474469361532704,0.3709528483170306,0.3628389969812658,0.26620815470170356,4,6,4,0.23553768150994056,14
2024-08-01,0.13819913583445545,0.3502192775460456,0.4377605807423642,0.21202014171159017,7,11,1,0.17717541224751113,19
2024-08-02,0.07526458483580813,0.3152688118558824,0.44472696112404325,0.24000422702007432,5,17,4,0.18817344194353453,26
2024-08-05,0.05146531220864579,0.2668673842828145,0.5177305436430168,0.21540207207416867,5,37,5,0.2203297871791809,47
2024-08-06,0.06558196145003248,0.2541987297738696,0.5571845019022933,0.18861676832383711,1,27,1,0.10037790619836345,29
2024-08-07,0.17824013302336567,0.3407819827641075,0.49667616749515087,0.16254184974074176,4,10,0,0.1754568157802059,14
2024-08-08,0.15232898823758795,0.31707977907341955,0.5181694300907489,0.16475079083583163,4,16,2,0.1718014960215198,22
2024-08-09,0.17283534448207502,0.3601040464731117,0.4526272515358516,0.18726870199103668,6,9,1,0.1327582824005748,16
2024-08-12,0.12043339056725569,0.30846007679432186,0.5035132369786118,0.1880266862270662,10,28,1,0.1789013867762886,39
2024-08-13,0.17414290707466765,0.341715113116121,0.49071268084242553,0.1675722060414534,4,18,1,0.12231774248118996,23
2024-08-14,0.16057229840698772,0.3459887071797975,0.46859488404739263,0.18541640877280982,8,19,1,0.15627813796997936,28
2024-08-15,0.12313815810115021,0.2912703324410749,0.5405974932190004,0.16813217433992472,1,13,0,0.09837316760307852,14
2024-08-16,0.060324092182252,0.24693925032623548,0.5664455915297811,0.18661515814398347,0,6,1,0.16681413466945466,7
2024-08-19,0.11257821814880256,0.30132022688775567,0.5099377643732913,0.18874200873895308,6,21,1,0.1565284239287261,28
2024-08-20,0.09807190874023498,0.2672443332267219,0.5635832422867911,0.16917242448648698,1,7,0,0.06170348865958602,8
2024-08-21,0.13816714889131831,0.30002987192741704,0.5381074050364841,0.16186272303609878,3,15,0,0.18110941872902603,18
2024-08-22,0.060270530020541,0.2811989312747191,0.49787266747110276,0.2209284012541781,1,5,0,0.16287884903485378,6
2024-08-23,0.11307949321563712,0.2784780453593626,0.5561234024969118,0.1653985521437255,1,13,0,0.08497507775302339,14
2024-08-26,0.14474292471046538,0.3298731664088163,0.4849965918928328,0.18513024169835093,9,16,1,0.21623138554425086,26
2024-08-27,0.12604836934893882,0.28661533018882623,0.5528177089712863,0.1605669608398874,3,14,0,0.1290924916731442,17
2024-08-28,0.12369594516219273,0.31010329108690227,0.5034893629883883,0.18640734592470948,3,13,1,0.1357811416967499,17
2024-08-29,0.14606060509023983,0.31192071801645954,0.5222191690573208,0.1658601129262197,4,10,0,0.12165062464888529,14
2024-08-30,0.07759046360007525,0.3083576692355358,0.46087512512900347,0.23076720563546063,1,10,2,0.12422362790206277,13
2024-09-03,0.1437887754688372,0.31636221636457895,0.5110643427396793,0.17257344089574175,5,22,0,0.14299006085179963,27
2024-09-04,0.1737495606409109,0.31654245778532947,0.540664645070252,0.1427928971444185,1,8,0,0.08118334346849894,9
2024-09-05,0.11975316007147425,0.3122207971876607,0.49531156569615287,0.19246763711618645,4,10,1,0.21334573830487488,15
2024-09-06,0.16487396309972438,0.3402198987788145,0.48443416554209545,0.1753459356790901,6,11,1,0.235473925028206,18
2024-09-09,0.16180873434731793,0.3037038877389831,0.5544009588693518,0.14189515339166514,6,43,0,0.16262736271951345,49
2024-09-10,0.1258074232928475,0.3050678386788488,0.5156717459351499,0.17926041538600127,6,26,1,0.13999542435522278,33
2024-09-11,0.11577739341525654,0.3082958318962685,0.49918572962271945,0.192518438481012,2,12,2,0.18831259322124735,16
2024-09-12,0.16114980792165906,0.3087063553582856,0.5437370972050878,0.1475565474366266,4,13,1,0.16149705379245155,18
2024-09-13,0.09357798745481204,0.2669791424934152,0.5596197024679818,0.17340115503860315,0,7,0,0.084144680246547,7
2024-09-16,0.1228494692175666,0.3019357238798383,0.5189780214578901,0.17908625466227168,4,26,2,0.19664294771330468,32
2024-09-17,0.14721816904472784,0.29757288892713935,0.5520723911904492,0.1503547198824115,4,16,0,0.09816901591796598,20
2024-09-18,0.16886991553410524,0.34078030854551855,0.4873092984430681,0.1719103930114133,4,13,0,0.1793344210080028,17
2024-09-19,0.1447218026858211,0.33244753035987873,0.4798267419660637,0.18772572767405757,5,15,0,0.14523977063370325,20
2024-09-20,0.1304891330887814,0.3227421534402624,0.4850048262082566,0.19225302035148098,5,16,0,0.1673015917609677,21
2024-09-23,0.09502997078063734,0.28521442087258997,0.5246011290354573,0.19018445009195264,2,15,1,0.16031642359379397,18
2024-09-24,0.16529677492433065,0.3406518217774335,0.48399313136946376,0.1753550468531028,2,5,1,0.1749356721435954,8
2024-09-25,0.13619054844971645,0.3267243946081413,0.4827417592334339,0.19053384615842484,5,10,1,0.24861965311243184,16
2024-09-26,0.19811029874798522,0.37722793654492515,0.4436544256581349,0.17911763779693993,5,6,1,0.20802772649474296,12
2024-09-27,0.22503865143316532,0.40771988304256296,0.40959888534803934,0.18268123160939767,5,8,1,0.18398319767200194,14
2024-09-30,0.150964329632458,0.33375829969023235,0.48344773025199334,0.1827939700577743,5,25,0,0.16926167867462902,30
2024-10-01,0.1377127094627107,0.33059586402672747,0.4765209814092558,0.19288315456401675,5,15,1,0.21474813155024178,21
2024-10-02,0.10141991994888147,0.2707394165909214,0.5599410867670387,0.1693194966420399,2,13,0,0.12292309462882725,15
2024-10-03,0.15800041148035107,0.30256801548933004,0.552864380501691,0.14456760400897897,2,10,0,0.17544637095448604,12
2024-10-04,0.21557064371281143,0.35565766734652043,0.5042553090197706,0.14008702363370903,2,7,0,0.18284034568556318,9
2024-10-07,0.08024624098777851,0.2807526969070393,0.5187408471737,0.2005064559192608,2,23,2,0.1952586532678129,27
2024-10-08,0.1151388565843414,0.304856386971004,0.5054260826423334,0.1897175303866626,3,8,0,0.14238182462681565,11
2024-10-09,0.12622888105799263,0.28767372882942815,0.5508814233991364,0.1614448477714355,3,10,0,0.13368311982065426,13
2024-10-10,0.13366439815381734,0.31716163700992966,0.49934112413395804,0.18349723885611233,4,22,3,0.1669059934776781,29
2024-10-11,0.1302711842155431,0.34286482707132365,0.4445415300728959,0.21259364285578053,3,7,2,0.15401666905143652,12
2024-10-14,0.1604669139795722,0.34201519623126964,0.47643652151703286,0.1815482822516975,4,14,0,0.10034871009650692,18
2024-10-15,0.24649150373058074,0.3645297710302607,0.5174319616700596,0.1180382672996799,4,11,0,0.1313514873829275,15
2024-10-16,0.06861006744373901,0.2636326346323694,0.5413447981790003,0.1950225671886304,3,23,3,0.18221021026907072,29
2024-10-17,0.10225660493835863,0.3022931841655382,0.49767023660728227,0.20003657922717957,7,22,1,0.1791583488947744,30
2024-10-18,0.1309076255873836,0.3016060228619023,0.5276955798635791,0.1706983972745187,5,21,0,0.16073171090074687,26
2024-10-21,0.15903949085789443,0.3396238571057522,0.47979177664639,0.18058436624785779,7,15,0,0.14122922638904467,22
2024-10-22,0.11332343945688088,0.2963386943428501,0.5206460507711808,0.18301525488596923,0,3,0,0.16507796433223562,3
2024-10-23,0.07845785675058367,0.3447564438842242,0.3889449689821351,0.2662985871336406,2,2,0,0.13976230924488375,4
2024-10-24,0.3010527023398599,0.42114475465574,0.45876319302838003,0.12009205231588005,2,2,0,0.20729194082174096,4
2024-10-25,0.20045652993407062,0.3042813671339388,0.5918937956661932,0.10382483719986813,0,3,0,0.048904710248917065,3
2024-10-28,0.01841535046882181,0.2006383491056641,0.6171386522574936,0.1822229986368423,0,7,0,0.05408297978600714,7
2024-10-29,0.15724930756887265,0.36748020378559504,0.4222888999976826,0.21023089621672233,2,1,0,0.1467660983352442,3
2024-10-30,0.025831193969675398,0.15591210020008112,0.7140069935695132,0.13008090623040572,0,2,0,0.021913006765453234,2
2024-10-31,0.2545758451783025,0.4149111809901072,0.42475348319808826,0.16033533581180465,2,3,0,0.248805128051275,5
2024-11-01,0.030017236550424785,0.29652116940776685,0.43697489773489107,0.2665039328573421,0,3,1,0.18311123294680975,4
2024-11-04,0.10690132747437692,0.2655640313248899,0.575773264824597,0.15866270385051304,1,8,0,0.13757389766056988,9
2024-11-05,0.1089835492717551,0.2930911914416579,0.5228011663884393,0.1841076421699028,2,3,0,0.13977170109322415,5
2024-11-06,0.08477634455152987,0.24206236473523254,0.6006516150810647,0.1572860201837027,0,5,0,0.15449505444011202,5
2024-11-07,0.1013742780031215,0.3144490611341862,0.47247615573474916,0.21307478313106468,0,2,0,0.23291459056594246,2
2024-11-08,0.10055196559216012,0.30940151008183175,0.4817489454284966,0.20884954448967163,0,2,0,0.2138916395166778,2
2024-11-11,0.09193451023390696,0.29866719949601506,0.4946001112418768,0.2067326892621081,2,6,1,0.19668741519646757,9
2024-11-12,0.19158510780206686,0.38984492198393433,0.41189526383419817,0.19825981418186747,1,1,0,0.2503817807591482,2
2024-11-13,0.10338169189205237,0.26182771629775403,0.5797262592965442,0.15844602440570169,0,2,0,0.1277051824396754,2
2024-11-14,-0.09269950107098675,0.1320566871870149,0.6431871245549834,0.22475618825800164,0,2,0,0.016799057949327453,2
2024-11-15,0.14159008540730345,0.2927857739145614,0.5560185375781806,0.15119568850725795,0,2,0,0.041720236814225806,2
2024-11-18,0.19390935834064296,0.305793698501273,0.5823219613380969,0.11188434016063004,0,2,0,0.06380066099673627,2
2024-11-19,0.11654081108215561,0.36511323793807104,0.3863143352060136,0.24857242685591543,0,1,0,0.0,1
2024-11-20,0.1254296645857411,0.2832946651280233,0.5588403343296945,0.15786500054228222,0,2,0,0.029316410223185065,2
2024-11-22,0.17479381122417714,0.3350319997976437,0.5047298116288896,0.16023818857346656,0,2,0,0.13768462727021494,2
2024-11-25,0.2684648073752086,0.3850219157009366,0.4984209759733355,0.11655710832572794,2,3,0,0.19055131395899405,5
2024-11-26,0.036226212309354945,0.1819733362892039,0.6722795397309472,0.14574712397984893,0,4,0,0.042663492174265724,4
2024-11-27,0.3280066556800342,0.46426320580613273,0.3994802440677687,0.13625655012609858,1,0,0,0.0,1
